seq,id,place_tg,place_en,region,tier,product,crop_tg,crop_evidence,title,slug
1,dushanbe-01,Душанбе,Dushanbe,Dushanbe,A,pipe,харбуза,C,Қубури полиэтиленӣ ва лентаи қатрагӣ: маҷмааи обёрии харбуза дар шаҳри Душанбе,dushanbe-kharbuza-pe-qubur-pe-majmua
2,dushanbe-02,Душанбе,Dushanbe,Dushanbe,A,tape,картошка,C,Харид ва пурсиши лентаи обёрии қатрагӣ барои картошка дар шаҳри Душанбе,dushanbe-kartoshka-lenta-xarid
3,dushanbe-03,Душанбе,Dushanbe,Dushanbe,A,pipe,карам,C,Пайвастсозии қубури полиэтиленӣ ба хати обёрии карам дар шаҳри Душанбе,dushanbe-karam-pe-qubur-pe-payvast
4,dushanbe-04,Душанбе,Dushanbe,Dushanbe,A,layflat,картошка,C,Қубури қатшавандаи риштадор: интиқоли об аз канал ба киштзори картошка дар шаҳри Душанбе,dushanbe-kartoshka-layflat-lf-kanal
5,dushanbe-05,Душанбе,Dushanbe,Dushanbe,A,tape,пиёз,C,Обёрии қатрагии пиёз дар шаҳри Душанбе: чӣ гуна лента интихоб кунем?,dushanbe-piyoz-lenta-obyori-intikhob
6,dushanbe-06,Душанбе,Dushanbe,Dushanbe,A,tape,сабзӣ,C,Фишори об ва филтр барои лентаи қатрагии сабзӣ дар шаҳри Душанбе,dushanbe-sabzi-lenta-fishor-filtr
7,dushanbe-07,Душанбе,Dushanbe,Dushanbe,A,tape,картошка,C,Масофаи байни хатҳои лентаи қатрагӣ барои картошка дар шаҳри Душанбе,dushanbe-kartoshka-lenta-masofa
8,dushanbe-08,Душанбе,Dushanbe,Dushanbe,A,tape,бодиринг,C,Сарфаи об ҳангоми парвариши бодиринг бо лентаи қатрагӣ дар шаҳри Душанбе,dushanbe-bodiring-lenta-sarfai-ob
9,dushanbe-09,Душанбе,Dushanbe,Dushanbe,A,tape,харбуза,C,Лентаи обёрии қатрагӣ барои харбуза дар шаҳри Душанбе,dushanbe-kharbuza-lenta-lenta-baroi
10,dushanbe-10,Душанбе,Dushanbe,Dushanbe,A,layflat,помидор,C,Диаметр ва дарозии қубури қатшавандаи риштадор барои помидор дар шаҳри Душанбе,dushanbe-pomidor-layflat-lf-diametr
11,dushanbe-11,Душанбе,Dushanbe,Dushanbe,A,layflat,бодиринг,C,Қубури қатшавандаи риштадор барои обёрии бодиринг аз насос дар шаҳри Душанбе,dushanbe-bodiring-layflat-lf-nasos
12,dushanbe-12,Душанбе,Dushanbe,Dushanbe,A,pipe,сабзӣ,C,Қубури полиэтиленӣ барои обёрии сабзӣ: нигоҳдорӣ ва истифода дар шаҳри Душанбе,dushanbe-sabzi-pe-qubur-pe-istifoda
13,dushanbe-13,Душанбе,Dushanbe,Dushanbe,A,pipe,тарбуз,C,Хати асосии қубури полиэтиленӣ барои обёрии қатрагии тарбуз дар шаҳри Душанбе,dushanbe-tarbuz-pe-qubur-pe-khati-asosi
14,dushanbe-14,Душанбе,Dushanbe,Dushanbe,A,tape,помидор,C,Хатогиҳои маъмул ҳангоми насби лентаи қатрагӣ барои помидор дар шаҳри Душанбе,dushanbe-pomidor-lenta-khatogi
15,dushanbe-15,Душанбе,Dushanbe,Dushanbe,A,pipe,бодиринг,C,Қубури полиэтиленӣ барои обрасонӣ ба киштзори бодиринг дар шаҳри Душанбе,dushanbe-bodiring-pe-qubur-pe-baroi
16,dushanbe-16,Душанбе,Dushanbe,Dushanbe,A,tape,карам,C,Лентаи қатрагӣ ё обёрии ҷӯякӣ барои карам дар шаҳри Душанбе?,dushanbe-karam-lenta-juyaki
17,dushanbe-17,Душанбе,Dushanbe,Dushanbe,A,layflat,пиёз,C,Қубури қатшавандаи риштадор ё қубури сахт барои пиёз дар шаҳри Душанбе?,dushanbe-piyoz-layflat-lf-ya-sakht
18,dushanbe-18,Душанбе,Dushanbe,Dushanbe,A,tape,,,Лентаи обёрии қатрагӣ дар шаҳри Душанбе: саволу ҷавоби деҳқонон,dushanbe-umumi-lenta-savol-javob
19,dushanbe-19,Душанбе,Dushanbe,Dushanbe,A,tape,помидор,C,Кадом лентаи қатрагӣ ба обёрии помидор дар шаҳри Душанбе мувофиқ аст?,dushanbe-pomidor-lenta-muvofiq
20,dushanbe-20,Душанбе,Dushanbe,Dushanbe,A,layflat,,,"Қубури қатшавандаи риштадор дар шаҳри Душанбе: интихоб, насб ва пурсиш",dushanbe-umumi-layflat-lf-savol
21,dushanbe-21,Душанбе,Dushanbe,Dushanbe,A,tape,тарбуз,C,Нигоҳубини лентаи қатрагӣ дар мавсими тарбуз дар шаҳри Душанбе,dushanbe-tarbuz-lenta-nigohubini
22,dushanbe-22,Душанбе,Dushanbe,Dushanbe,A,tape,ҷуворимакка,C,Ҳисоби эҳтиёҷ ба лентаи қатрагӣ барои як гектар ҷуворимакка дар шаҳри Душанбе,dushanbe-juvorimakka-lenta-gektar
23,dushanbe-23,Душанбе,Dushanbe,Dushanbe,A,pipe,,,Қубури полиэтиленӣ барои обёрӣ дар шаҳри Душанбе: пурсиш ва интихоб,dushanbe-umumi-pe-qubur-pe-savol
24,dushanbe-24,Душанбе,Dushanbe,Dushanbe,A,layflat,ҷуворимакка,C,Нигоҳдории қубури қатшавандаи риштадор пас аз мавсими ҷуворимакка дар шаҳри Душанбе,dushanbe-juvorimakka-layflat-lf-nigohdori
25,dushanbe-25,Душанбе,Dushanbe,Dushanbe,A,tape,пиёз,C,Оғози мавсим: омодасозии лентаи қатрагӣ барои пиёз дар шаҳри Душанбе,dushanbe-piyoz-lenta-oghoz
26,rudaki-01,Рӯдакӣ,Rudaki,Districts of Republican Subordination,A,pipe,харбуза,C,Дарозии хат ва фишори қубури полиэтиленӣ барои киштзори харбуза дар ноҳияи Рӯдакӣ,rudaki-kharbuza-pe-qubur-pe-fishor
27,rudaki-02,Рӯдакӣ,Rudaki,Districts of Republican Subordination,A,tape,пахта,B,Нигоҳубини лентаи қатрагӣ дар мавсими пахта дар ноҳияи Рӯдакӣ,rudaki-pakhta-lenta-nigohubini
28,rudaki-03,Рӯдакӣ,Rudaki,Districts of Republican Subordination,A,layflat,сабзӣ,C,Қубури қатшавандаи риштадор барои обёрии сабзӣ аз насос дар ноҳияи Рӯдакӣ,rudaki-sabzi-layflat-lf-nasos
29,rudaki-04,Рӯдакӣ,Rudaki,Districts of Republican Subordination,A,tape,помидор,C,Масофаи байни хатҳои лентаи қатрагӣ барои помидор дар ноҳияи Рӯдакӣ,rudaki-pomidor-lenta-masofa
30,rudaki-05,Рӯдакӣ,Rudaki,Districts of Republican Subordination,A,tape,сабзӣ,C,Сарфаи об ҳангоми парвариши сабзӣ бо лентаи қатрагӣ дар ноҳияи Рӯдакӣ,rudaki-sabzi-lenta-sarfai-ob
31,rudaki-06,Рӯдакӣ,Rudaki,Districts of Republican Subordination,A,tape,карам,C,Насби лентаи обёрии қатрагӣ барои киштзори карам дар ноҳияи Рӯдакӣ,rudaki-karam-lenta-nasb
32,rudaki-07,Рӯдакӣ,Rudaki,Districts of Republican Subordination,A,layflat,пахта,B,Қубури қатшавандаи риштадор ё қубури сахт барои пахта дар ноҳияи Рӯдакӣ?,rudaki-pakhta-layflat-lf-ya-sakht
33,rudaki-08,Рӯдакӣ,Rudaki,Districts of Republican Subordination,A,tape,картошка,C,Оғози мавсим: омодасозии лентаи қатрагӣ барои картошка дар ноҳияи Рӯдакӣ,rudaki-kartoshka-lenta-oghoz
34,rudaki-09,Рӯдакӣ,Rudaki,Districts of Republican Subordination,A,pipe,тарбуз,C,Интихоби диаметри қубури полиэтиленӣ барои обёрии тарбуз дар ноҳияи Рӯдакӣ,rudaki-tarbuz-pe-qubur-pe-diametr
35,rudaki-10,Рӯдакӣ,Rudaki,Districts of Republican Subordination,A,pipe,пиёз,C,Хати асосии қубури полиэтиленӣ барои обёрии қатрагии пиёз дар ноҳияи Рӯдакӣ,rudaki-piyoz-pe-qubur-pe-khati-asosi
36,rudaki-11,Рӯдакӣ,Rudaki,Districts of Republican Subordination,A,layflat,помидор,C,Нигоҳдории қубури қатшавандаи риштадор пас аз мавсими помидор дар ноҳияи Рӯдакӣ,rudaki-pomidor-layflat-lf-nigohdori
37,rudaki-12,Рӯдакӣ,Rudaki,Districts of Republican Subordination,A,pipe,бодиринг,C,Қубури полиэтиленӣ ва лентаи қатрагӣ: маҷмааи обёрии бодиринг дар ноҳияи Рӯдакӣ,rudaki-bodiring-pe-qubur-pe-majmua
38,rudaki-13,Рӯдакӣ,Rudaki,Districts of Republican Subordination,A,layflat,ҷуворимакка,C,Насби қубури қатшавандаи риштадор барои обёрии ҷуворимакка дар ноҳияи Рӯдакӣ,rudaki-juvorimakka-layflat-lf-nasb
39,rudaki-14,Рӯдакӣ,Rudaki,Districts of Republican Subordination,A,layflat,карам,C,Диаметр ва дарозии қубури қатшавандаи риштадор барои карам дар ноҳияи Рӯдакӣ,rudaki-karam-layflat-lf-diametr
40,rudaki-15,Рӯдакӣ,Rudaki,Districts of Republican Subordination,A,pipe,,,Қубури полиэтиленӣ барои обёрӣ дар ноҳияи Рӯдакӣ: пурсиш ва интихоб,rudaki-umumi-pe-qubur-pe-savol
41,rudaki-16,Рӯдакӣ,Rudaki,Districts of Republican Subordination,A,layflat,,,"Қубури қатшавандаи риштадор дар ноҳияи Рӯдакӣ: интихоб, насб ва пурсиш",rudaki-umumi-layflat-lf-savol
42,rudaki-17,Рӯдакӣ,Rudaki,Districts of Republican Subordination,A,tape,тарбуз,C,Лентаи обёрии қатрагӣ барои тарбуз дар ноҳияи Рӯдакӣ,rudaki-tarbuz-lenta-lenta-baroi
43,rudaki-18,Рӯдакӣ,Rudaki,Districts of Republican Subordination,A,tape,харбуза,C,Харид ва пурсиши лентаи обёрии қатрагӣ барои харбуза дар ноҳияи Рӯдакӣ,rudaki-kharbuza-lenta-xarid
44,rudaki-19,Рӯдакӣ,Rudaki,Districts of Republican Subordination,A,tape,помидор,C,Фишори об ва филтр барои лентаи қатрагии помидор дар ноҳияи Рӯдакӣ,rudaki-pomidor-lenta-fishor-filtr
45,rudaki-20,Рӯдакӣ,Rudaki,Districts of Republican Subordination,A,tape,,,Лентаи обёрии қатрагӣ дар ноҳияи Рӯдакӣ: саволу ҷавоби деҳқонон,rudaki-umumi-lenta-savol-javob
46,rudaki-21,Рӯдакӣ,Rudaki,Districts of Republican Subordination,A,tape,ҷуворимакка,C,Обёрии қатрагии ҷуворимакка дар ноҳияи Рӯдакӣ: чӣ гуна лента интихоб кунем?,rudaki-juvorimakka-lenta-obyori-intikhob
47,rudaki-22,Рӯдакӣ,Rudaki,Districts of Republican Subordination,A,pipe,картошка,C,Пайвастсозии қубури полиэтиленӣ ба хати обёрии картошка дар ноҳияи Рӯдакӣ,rudaki-kartoshka-pe-qubur-pe-payvast
48,rudaki-23,Рӯдакӣ,Rudaki,Districts of Republican Subordination,A,tape,пахта,B,Кадом лентаи қатрагӣ ба обёрии пахта дар ноҳияи Рӯдакӣ мувофиқ аст?,rudaki-pakhta-lenta-muvofiq
49,rudaki-24,Рӯдакӣ,Rudaki,Districts of Republican Subordination,A,tape,пиёз,C,Хатогиҳои маъмул ҳангоми насби лентаи қатрагӣ барои пиёз дар ноҳияи Рӯдакӣ,rudaki-piyoz-lenta-khatogi
50,rudaki-25,Рӯдакӣ,Rudaki,Districts of Republican Subordination,A,tape,бодиринг,C,Лентаи қатрагӣ ё обёрии ҷӯякӣ барои бодиринг дар ноҳияи Рӯдакӣ?,rudaki-bodiring-lenta-juyaki
51,vahdat-01,Ваҳдат,Vahdat,Districts of Republican Subordination,A,pipe,,,Қубури полиэтиленӣ барои обёрӣ дар ноҳияи Ваҳдат: пурсиш ва интихоб,vahdat-umumi-pe-qubur-pe-savol
52,vahdat-02,Ваҳдат,Vahdat,Districts of Republican Subordination,A,layflat,карам,C,Насби қубури қатшавандаи риштадор барои обёрии карам дар ноҳияи Ваҳдат,vahdat-karam-layflat-lf-nasb
53,vahdat-03,Ваҳдат,Vahdat,Districts of Republican Subordination,A,layflat,помидор,C,Қубури қатшавандаи риштадор: интиқоли об аз канал ба киштзори помидор дар ноҳияи Ваҳдат,vahdat-pomidor-layflat-lf-kanal
54,vahdat-04,Ваҳдат,Vahdat,Districts of Republican Subordination,A,tape,карам,C,Масофаи байни хатҳои лентаи қатрагӣ барои карам дар ноҳияи Ваҳдат,vahdat-karam-lenta-masofa
55,vahdat-05,Ваҳдат,Vahdat,Districts of Republican Subordination,A,layflat,,,"Қубури қатшавандаи риштадор дар ноҳияи Ваҳдат: интихоб, насб ва пурсиш",vahdat-umumi-layflat-lf-savol
56,vahdat-06,Ваҳдат,Vahdat,Districts of Republican Subordination,A,tape,ҷуворимакка,C,Обёрии қатрагии ҷуворимакка дар ноҳияи Ваҳдат: чӣ гуна лента интихоб кунем?,vahdat-juvorimakka-lenta-obyori-intikhob
57,vahdat-07,Ваҳдат,Vahdat,Districts of Republican Subordination,A,tape,пахта,A,Насби лентаи обёрии қатрагӣ барои киштзори пахта дар ноҳияи Ваҳдат,vahdat-pakhta-lenta-nasb
58,vahdat-08,Ваҳдат,Vahdat,Districts of Republican Subordination,A,tape,пахта,A,Харид ва пурсиши лентаи обёрии қатрагӣ барои пахта дар ноҳияи Ваҳдат,vahdat-pakhta-lenta-xarid
59,vahdat-09,Ваҳдат,Vahdat,Districts of Republican Subordination,A,tape,тарбуз,C,Лентаи обёрии қатрагӣ барои тарбуз дар ноҳияи Ваҳдат,vahdat-tarbuz-lenta-lenta-baroi
60,vahdat-10,Ваҳдат,Vahdat,Districts of Republican Subordination,A,pipe,бодиринг,C,Интихоби диаметри қубури полиэтиленӣ барои обёрии бодиринг дар ноҳияи Ваҳдат,vahdat-bodiring-pe-qubur-pe-diametr
61,vahdat-11,Ваҳдат,Vahdat,Districts of Republican Subordination,A,tape,,,Лентаи обёрии қатрагӣ дар ноҳияи Ваҳдат: саволу ҷавоби деҳқонон,vahdat-umumi-lenta-savol-javob
62,vahdat-12,Ваҳдат,Vahdat,Districts of Republican Subordination,A,layflat,пахта,A,Қубури қатшавандаи риштадор барои обрасонӣ ба киштзори пахта дар ноҳияи Ваҳдат,vahdat-pakhta-layflat-lf-baroi
63,vahdat-13,Ваҳдат,Vahdat,Districts of Republican Subordination,A,tape,пиёз,C,Нигоҳубини лентаи қатрагӣ дар мавсими пиёз дар ноҳияи Ваҳдат,vahdat-piyoz-lenta-nigohubini
64,vahdat-14,Ваҳдат,Vahdat,Districts of Republican Subordination,A,tape,картошка,C,Фишори об ва филтр барои лентаи қатрагии картошка дар ноҳияи Ваҳдат,vahdat-kartoshka-lenta-fishor-filtr
65,vahdat-15,Ваҳдат,Vahdat,Districts of Republican Subordination,A,tape,помидор,C,Оғози мавсим: омодасозии лентаи қатрагӣ барои помидор дар ноҳияи Ваҳдат,vahdat-pomidor-lenta-oghoz
66,vahdat-16,Ваҳдат,Vahdat,Districts of Republican Subordination,A,pipe,тарбуз,C,Қубури полиэтиленӣ ва лентаи қатрагӣ: маҷмааи обёрии тарбуз дар ноҳияи Ваҳдат,vahdat-tarbuz-pe-qubur-pe-majmua
67,vahdat-17,Ваҳдат,Vahdat,Districts of Republican Subordination,A,tape,помидор,C,Лентаи қатрагӣ ё обёрии ҷӯякӣ барои помидор дар ноҳияи Ваҳдат?,vahdat-pomidor-lenta-juyaki
68,vahdat-18,Ваҳдат,Vahdat,Districts of Republican Subordination,A,pipe,харбуза,C,Қубури полиэтиленӣ барои обёрии харбуза: нигоҳдорӣ ва истифода дар ноҳияи Ваҳдат,vahdat-kharbuza-pe-qubur-pe-istifoda
69,vahdat-19,Ваҳдат,Vahdat,Districts of Republican Subordination,A,layflat,ҷуворимакка,C,Диаметр ва дарозии қубури қатшавандаи риштадор барои ҷуворимакка дар ноҳияи Ваҳдат,vahdat-juvorimakka-layflat-lf-diametr
70,vahdat-20,Ваҳдат,Vahdat,Districts of Republican Subordination,A,tape,бодиринг,C,Ҳисоби эҳтиёҷ ба лентаи қатрагӣ барои як гектар бодиринг дар ноҳияи Ваҳдат,vahdat-bodiring-lenta-gektar
71,vahdat-21,Ваҳдат,Vahdat,Districts of Republican Subordination,A,pipe,пиёз,C,Дарозии хат ва фишори қубури полиэтиленӣ барои киштзори пиёз дар ноҳияи Ваҳдат,vahdat-piyoz-pe-qubur-pe-fishor
72,vahdat-22,Ваҳдат,Vahdat,Districts of Republican Subordination,A,pipe,картошка,C,Қубури полиэтиленӣ барои обрасонӣ ба киштзори картошка дар ноҳияи Ваҳдат,vahdat-kartoshka-pe-qubur-pe-baroi
73,vahdat-23,Ваҳдат,Vahdat,Districts of Republican Subordination,A,tape,сабзӣ,C,Хатогиҳои маъмул ҳангоми насби лентаи қатрагӣ барои сабзӣ дар ноҳияи Ваҳдат,vahdat-sabzi-lenta-khatogi
74,vahdat-24,Ваҳдат,Vahdat,Districts of Republican Subordination,A,tape,харбуза,C,Сарфаи об ҳангоми парвариши харбуза бо лентаи қатрагӣ дар ноҳияи Ваҳдат,vahdat-kharbuza-lenta-sarfai-ob
75,vahdat-25,Ваҳдат,Vahdat,Districts of Republican Subordination,A,layflat,сабзӣ,C,Қубури қатшавандаи риштадор барои обёрии сабзӣ аз насос дар ноҳияи Ваҳдат,vahdat-sabzi-layflat-lf-nasos
76,tursunzoda-01,Турсунзода,Tursunzoda,Districts of Republican Subordination,A,tape,пахта,B,Масофаи байни хатҳои лентаи қатрагӣ барои пахта дар шаҳри Турсунзода,tursunzoda-pakhta-lenta-masofa
77,tursunzoda-02,Турсунзода,Tursunzoda,Districts of Republican Subordination,A,tape,картошка,C,Фишори об ва филтр барои лентаи қатрагии картошка дар шаҳри Турсунзода,tursunzoda-kartoshka-lenta-fishor-filtr
78,tursunzoda-03,Турсунзода,Tursunzoda,Districts of Republican Subordination,A,tape,карам,C,Нигоҳубини лентаи қатрагӣ дар мавсими карам дар шаҳри Турсунзода,tursunzoda-karam-lenta-nigohubini
79,tursunzoda-04,Турсунзода,Tursunzoda,Districts of Republican Subordination,A,pipe,тарбуз,C,Пайвастсозии қубури полиэтиленӣ ба хати обёрии тарбуз дар шаҳри Турсунзода,tursunzoda-tarbuz-pe-qubur-pe-payvast
80,tursunzoda-05,Турсунзода,Tursunzoda,Districts of Republican Subordination,A,layflat,пахта,B,Диаметр ва дарозии қубури қатшавандаи риштадор барои пахта дар шаҳри Турсунзода,tursunzoda-pakhta-layflat-lf-diametr
81,tursunzoda-06,Турсунзода,Tursunzoda,Districts of Republican Subordination,A,pipe,пиёз,C,Қубури полиэтиленӣ ва лентаи қатрагӣ: маҷмааи обёрии пиёз дар шаҳри Турсунзода,tursunzoda-piyoz-pe-qubur-pe-majmua
82,tursunzoda-07,Турсунзода,Tursunzoda,Districts of Republican Subordination,A,tape,бодиринг,C,Лентаи қатрагӣ ё обёрии ҷӯякӣ барои бодиринг дар шаҳри Турсунзода?,tursunzoda-bodiring-lenta-juyaki
83,tursunzoda-08,Турсунзода,Tursunzoda,Districts of Republican Subordination,A,tape,тарбуз,C,Кадом лентаи қатрагӣ ба обёрии тарбуз дар шаҳри Турсунзода мувофиқ аст?,tursunzoda-tarbuz-lenta-muvofiq
84,tursunzoda-09,Турсунзода,Tursunzoda,Districts of Republican Subordination,A,layflat,карам,C,Қубури қатшавандаи риштадор барои обрасонӣ ба киштзори карам дар шаҳри Турсунзода,tursunzoda-karam-layflat-lf-baroi
85,tursunzoda-10,Турсунзода,Tursunzoda,Districts of Republican Subordination,A,tape,сабзӣ,C,Лентаи обёрии қатрагӣ барои сабзӣ дар шаҳри Турсунзода,tursunzoda-sabzi-lenta-lenta-baroi
86,tursunzoda-11,Турсунзода,Tursunzoda,Districts of Republican Subordination,A,tape,пиёз,C,Насби лентаи обёрии қатрагӣ барои киштзори пиёз дар шаҳри Турсунзода,tursunzoda-piyoz-lenta-nasb
87,tursunzoda-12,Турсунзода,Tursunzoda,Districts of Republican Subordination,A,pipe,,,Қубури полиэтиленӣ барои обёрӣ дар шаҳри Турсунзода: пурсиш ва интихоб,tursunzoda-umumi-pe-qubur-pe-savol
88,tursunzoda-13,Турсунзода,Tursunzoda,Districts of Republican Subordination,A,layflat,,,"Қубури қатшавандаи риштадор дар шаҳри Турсунзода: интихоб, насб ва пурсиш",tursunzoda-umumi-layflat-lf-savol
89,tursunzoda-14,Турсунзода,Tursunzoda,Districts of Republican Subordination,A,pipe,харбуза,C,Интихоби диаметри қубури полиэтиленӣ барои обёрии харбуза дар шаҳри Турсунзода,tursunzoda-kharbuza-pe-qubur-pe-diametr
90,tursunzoda-15,Турсунзода,Tursunzoda,Districts of Republican Subordination,A,layflat,помидор,C,Нигоҳдории қубури қатшавандаи риштадор пас аз мавсими помидор дар шаҳри Турсунзода,tursunzoda-pomidor-layflat-lf-nigohdori
91,tursunzoda-16,Турсунзода,Tursunzoda,Districts of Republican Subordination,A,tape,помидор,C,Оғози мавсим: омодасозии лентаи қатрагӣ барои помидор дар шаҳри Турсунзода,tursunzoda-pomidor-lenta-oghoz
92,tursunzoda-17,Турсунзода,Tursunzoda,Districts of Republican Subordination,A,layflat,ҷуворимакка,C,Насби қубури қатшавандаи риштадор барои обёрии ҷуворимакка дар шаҳри Турсунзода,tursunzoda-juvorimakka-layflat-lf-nasb
93,tursunzoda-18,Турсунзода,Tursunzoda,Districts of Republican Subordination,A,tape,пахта,B,Ҳисоби эҳтиёҷ ба лентаи қатрагӣ барои як гектар пахта дар шаҳри Турсунзода,tursunzoda-pakhta-lenta-gektar
94,tursunzoda-19,Турсунзода,Tursunzoda,Districts of Republican Subordination,A,tape,,,Лентаи обёрии қатрагӣ дар шаҳри Турсунзода: саволу ҷавоби деҳқонон,tursunzoda-umumi-lenta-savol-javob
95,tursunzoda-20,Турсунзода,Tursunzoda,Districts of Republican Subordination,A,tape,помидор,C,Сарфаи об ҳангоми парвариши помидор бо лентаи қатрагӣ дар шаҳри Турсунзода,tursunzoda-pomidor-lenta-sarfai-ob
96,tursunzoda-21,Турсунзода,Tursunzoda,Districts of Republican Subordination,A,tape,харбуза,C,Харид ва пурсиши лентаи обёрии қатрагӣ барои харбуза дар шаҳри Турсунзода,tursunzoda-kharbuza-lenta-xarid
97,tursunzoda-22,Турсунзода,Tursunzoda,Districts of Republican Subordination,A,pipe,картошка,C,Дарозии хат ва фишори қубури полиэтиленӣ барои киштзори картошка дар шаҳри Турсунзода,tursunzoda-kartoshka-pe-qubur-pe-fishor
98,tursunzoda-23,Турсунзода,Tursunzoda,Districts of Republican Subordination,A,layflat,сабзӣ,C,Қубури қатшавандаи риштадор: интиқоли об аз канал ба киштзори сабзӣ дар шаҳри Турсунзода,tursunzoda-sabzi-layflat-lf-kanal
99,tursunzoda-24,Турсунзода,Tursunzoda,Districts of Republican Subordination,A,tape,ҷуворимакка,C,Хатогиҳои маъмул ҳангоми насби лентаи қатрагӣ барои ҷуворимакка дар шаҳри Турсунзода,tursunzoda-juvorimakka-lenta-khatogi
100,tursunzoda-25,Турсунзода,Tursunzoda,Districts of Republican Subordination,A,pipe,бодиринг,C,Хати асосии қубури полиэтиленӣ барои обёрии қатрагии бодиринг дар шаҳри Турсунзода,tursunzoda-bodiring-pe-qubur-pe-khati-asosi
101,hisor-01,Ҳисор,Hisor,Districts of Republican Subordination,A,layflat,помидор,C,Насби қубури қатшавандаи риштадор барои обёрии помидор дар ноҳияи Ҳисор,hisor-pomidor-layflat-lf-nasb
102,hisor-02,Ҳисор,Hisor,Districts of Republican Subordination,A,tape,харбуза,C,Хатогиҳои маъмул ҳангоми насби лентаи қатрагӣ барои харбуза дар ноҳияи Ҳисор,hisor-kharbuza-lenta-khatogi
103,hisor-03,Ҳисор,Hisor,Districts of Republican Subordination,A,layflat,карам,C,Қубури қатшавандаи риштадор барои обрасонӣ ба киштзори карам дар ноҳияи Ҳисор,hisor-karam-layflat-lf-baroi
104,hisor-04,Ҳисор,Hisor,Districts of Republican Subordination,A,tape,сабзӣ,C,Фишори об ва филтр барои лентаи қатрагии сабзӣ дар ноҳияи Ҳисор,hisor-sabzi-lenta-fishor-filtr
105,hisor-05,Ҳисор,Hisor,Districts of Republican Subordination,A,tape,пахта,B,Харид ва пурсиши лентаи обёрии қатрагӣ барои пахта дар ноҳияи Ҳисор,hisor-pakhta-lenta-xarid
106,hisor-06,Ҳисор,Hisor,Districts of Republican Subordination,A,tape,пиёз,C,Лентаи обёрии қатрагӣ барои пиёз дар ноҳияи Ҳисор,hisor-piyoz-lenta-lenta-baroi
107,hisor-07,Ҳисор,Hisor,Districts of Republican Subordination,A,tape,картошка,C,Кадом лентаи қатрагӣ ба обёрии картошка дар ноҳияи Ҳисор мувофиқ аст?,hisor-kartoshka-lenta-muvofiq
108,hisor-08,Ҳисор,Hisor,Districts of Republican Subordination,A,pipe,пиёз,C,Хати асосии қубури полиэтиленӣ барои обёрии қатрагии пиёз дар ноҳияи Ҳисор,hisor-piyoz-pe-qubur-pe-khati-asosi
109,hisor-09,Ҳисор,Hisor,Districts of Republican Subordination,A,tape,карам,C,Лентаи қатрагӣ ё обёрии ҷӯякӣ барои карам дар ноҳияи Ҳисор?,hisor-karam-lenta-juyaki
110,hisor-10,Ҳисор,Hisor,Districts of Republican Subordination,A,tape,ҷуворимакка,C,Сарфаи об ҳангоми парвариши ҷуворимакка бо лентаи қатрагӣ дар ноҳияи Ҳисор,hisor-juvorimakka-lenta-sarfai-ob
111,hisor-11,Ҳисор,Hisor,Districts of Republican Subordination,A,pipe,тарбуз,C,Қубури полиэтиленӣ ва лентаи қатрагӣ: маҷмааи обёрии тарбуз дар ноҳияи Ҳисор,hisor-tarbuz-pe-qubur-pe-majmua
112,hisor-12,Ҳисор,Hisor,Districts of Republican Subordination,A,tape,помидор,C,Ҳисоби эҳтиёҷ ба лентаи қатрагӣ барои як гектар помидор дар ноҳияи Ҳисор,hisor-pomidor-lenta-gektar
113,hisor-13,Ҳисор,Hisor,Districts of Republican Subordination,A,layflat,,,"Қубури қатшавандаи риштадор дар ноҳияи Ҳисор: интихоб, насб ва пурсиш",hisor-umumi-layflat-lf-savol
114,hisor-14,Ҳисор,Hisor,Districts of Republican Subordination,A,pipe,,,Қубури полиэтиленӣ барои обёрӣ дар ноҳияи Ҳисор: пурсиш ва интихоб,hisor-umumi-pe-qubur-pe-savol
115,hisor-15,Ҳисор,Hisor,Districts of Republican Subordination,A,tape,пахта,B,Оғози мавсим: омодасозии лентаи қатрагӣ барои пахта дар ноҳияи Ҳисор,hisor-pakhta-lenta-oghoz
116,hisor-16,Ҳисор,Hisor,Districts of Republican Subordination,A,layflat,пахта,B,Нигоҳдории қубури қатшавандаи риштадор пас аз мавсими пахта дар ноҳияи Ҳисор,hisor-pakhta-layflat-lf-nigohdori
117,hisor-17,Ҳисор,Hisor,Districts of Republican Subordination,A,pipe,бодиринг,C,Дарозии хат ва фишори қубури полиэтиленӣ барои киштзори бодиринг дар ноҳияи Ҳисор,hisor-bodiring-pe-qubur-pe-fishor
118,hisor-18,Ҳисор,Hisor,Districts of Republican Subordination,A,tape,бодиринг,C,Нигоҳубини лентаи қатрагӣ дар мавсими бодиринг дар ноҳияи Ҳисор,hisor-bodiring-lenta-nigohubini
119,hisor-19,Ҳисор,Hisor,Districts of Republican Subordination,A,layflat,ҷуворимакка,C,Қубури қатшавандаи риштадор ё қубури сахт барои ҷуворимакка дар ноҳияи Ҳисор?,hisor-juvorimakka-layflat-lf-ya-sakht
120,hisor-20,Ҳисор,Hisor,Districts of Republican Subordination,A,layflat,сабзӣ,C,Қубури қатшавандаи риштадор: интиқоли об аз канал ба киштзори сабзӣ дар ноҳияи Ҳисор,hisor-sabzi-layflat-lf-kanal
121,hisor-21,Ҳисор,Hisor,Districts of Republican Subordination,A,tape,помидор,C,Насби лентаи обёрии қатрагӣ барои киштзори помидор дар ноҳияи Ҳисор,hisor-pomidor-lenta-nasb
122,hisor-22,Ҳисор,Hisor,Districts of Republican Subordination,A,pipe,картошка,C,Пайвастсозии қубури полиэтиленӣ ба хати обёрии картошка дар ноҳияи Ҳисор,hisor-kartoshka-pe-qubur-pe-payvast
123,hisor-23,Ҳисор,Hisor,Districts of Republican Subordination,A,pipe,харбуза,C,Интихоби диаметри қубури полиэтиленӣ барои обёрии харбуза дар ноҳияи Ҳисор,hisor-kharbuza-pe-qubur-pe-diametr
124,hisor-24,Ҳисор,Hisor,Districts of Republican Subordination,A,tape,тарбуз,C,Масофаи байни хатҳои лентаи қатрагӣ барои тарбуз дар ноҳияи Ҳисор,hisor-tarbuz-lenta-masofa
125,hisor-25,Ҳисор,Hisor,Districts of Republican Subordination,A,tape,,,Лентаи обёрии қатрагӣ дар ноҳияи Ҳисор: саволу ҷавоби деҳқонон,hisor-umumi-lenta-savol-javob
126,panjakent-01,Панҷакент,Panjakent,Sughd,A,layflat,помидор,C,Қубури қатшавандаи риштадор ё қубури сахт барои помидор дар шаҳри Панҷакент?,panjakent-pomidor-layflat-lf-ya-sakht
127,panjakent-02,Панҷакент,Panjakent,Sughd,A,tape,бодиринг,C,Лентаи обёрии қатрагӣ барои бодиринг дар шаҳри Панҷакент,panjakent-bodiring-lenta-lenta-baroi
128,panjakent-03,Панҷакент,Panjakent,Sughd,A,layflat,сабзӣ,C,Қубури қатшавандаи риштадор: интиқоли об аз канал ба киштзори сабзӣ дар шаҳри Панҷакент,panjakent-sabzi-layflat-lf-kanal
129,panjakent-04,Панҷакент,Panjakent,Sughd,A,tape,карам,C,Сарфаи об ҳангоми парвариши карам бо лентаи қатрагӣ дар шаҳри Панҷакент,panjakent-karam-lenta-sarfai-ob
130,panjakent-05,Панҷакент,Panjakent,Sughd,A,pipe,тарбуз,C,Пайвастсозии қубури полиэтиленӣ ба хати обёрии тарбуз дар шаҳри Панҷакент,panjakent-tarbuz-pe-qubur-pe-payvast
131,panjakent-06,Панҷакент,Panjakent,Sughd,A,tape,ҷуворимакка,C,Обёрии қатрагии ҷуворимакка дар шаҳри Панҷакент: чӣ гуна лента интихоб кунем?,panjakent-juvorimakka-lenta-obyori-intikhob
132,panjakent-07,Панҷакент,Panjakent,Sughd,A,tape,помидор,C,Лентаи қатрагӣ ё обёрии ҷӯякӣ барои помидор дар шаҳри Панҷакент?,panjakent-pomidor-lenta-juyaki
133,panjakent-08,Панҷакент,Panjakent,Sughd,A,layflat,пиёз,C,Нигоҳдории қубури қатшавандаи риштадор пас аз мавсими пиёз дар шаҳри Панҷакент,panjakent-piyoz-layflat-lf-nigohdori
134,panjakent-09,Панҷакент,Panjakent,Sughd,A,tape,картошка,C,Харид ва пурсиши лентаи обёрии қатрагӣ барои картошка дар шаҳри Панҷакент,panjakent-kartoshka-lenta-xarid
135,panjakent-10,Панҷакент,Panjakent,Sughd,A,tape,картошка,C,Насби лентаи обёрии қатрагӣ барои киштзори картошка дар шаҳри Панҷакент,panjakent-kartoshka-lenta-nasb
136,panjakent-11,Панҷакент,Panjakent,Sughd,A,pipe,бодиринг,C,Қубури полиэтиленӣ барои обрасонӣ ба киштзори бодиринг дар шаҳри Панҷакент,panjakent-bodiring-pe-qubur-pe-baroi
137,panjakent-12,Панҷакент,Panjakent,Sughd,A,layflat,ҷуворимакка,C,Насби қубури қатшавандаи риштадор барои обёрии ҷуворимакка дар шаҳри Панҷакент,panjakent-juvorimakka-layflat-lf-nasb
138,panjakent-13,Панҷакент,Panjakent,Sughd,A,pipe,карам,C,Қубури полиэтиленӣ ва лентаи қатрагӣ: маҷмааи обёрии карам дар шаҳри Панҷакент,panjakent-karam-pe-qubur-pe-majmua
139,panjakent-14,Панҷакент,Panjakent,Sughd,A,tape,харбуза,C,Оғози мавсим: омодасозии лентаи қатрагӣ барои харбуза дар шаҳри Панҷакент,panjakent-kharbuza-lenta-oghoz
140,panjakent-15,Панҷакент,Panjakent,Sughd,A,tape,тарбуз,C,Хатогиҳои маъмул ҳангоми насби лентаи қатрагӣ барои тарбуз дар шаҳри Панҷакент,panjakent-tarbuz-lenta-khatogi
141,panjakent-16,Панҷакент,Panjakent,Sughd,A,tape,пиёз,C,Ҳисоби эҳтиёҷ ба лентаи қатрагӣ барои як гектар пиёз дар шаҳри Панҷакент,panjakent-piyoz-lenta-gektar
142,panjakent-17,Панҷакент,Panjakent,Sughd,A,pipe,сабзӣ,C,Хати асосии қубури полиэтиленӣ барои обёрии қатрагии сабзӣ дар шаҳри Панҷакент,panjakent-sabzi-pe-qubur-pe-khati-asosi
143,panjakent-18,Панҷакент,Panjakent,Sughd,A,tape,пиёз,C,Масофаи байни хатҳои лентаи қатрагӣ барои пиёз дар шаҳри Панҷакент,panjakent-piyoz-lenta-masofa
144,panjakent-19,Панҷакент,Panjakent,Sughd,A,pipe,,,Қубури полиэтиленӣ барои обёрӣ дар шаҳри Панҷакент: пурсиш ва интихоб,panjakent-umumi-pe-qubur-pe-savol
145,panjakent-20,Панҷакент,Panjakent,Sughd,A,tape,,,Лентаи обёрии қатрагӣ дар шаҳри Панҷакент: саволу ҷавоби деҳқонон,panjakent-umumi-lenta-savol-javob
146,panjakent-21,Панҷакент,Panjakent,Sughd,A,pipe,харбуза,C,Дарозии хат ва фишори қубури полиэтиленӣ барои киштзори харбуза дар шаҳри Панҷакент,panjakent-kharbuza-pe-qubur-pe-fishor
147,panjakent-22,Панҷакент,Panjakent,Sughd,A,layflat,,,"Қубури қатшавандаи риштадор дар шаҳри Панҷакент: интихоб, насб ва пурсиш",panjakent-umumi-layflat-lf-savol
148,panjakent-23,Панҷакент,Panjakent,Sughd,A,tape,помидор,C,Фишори об ва филтр барои лентаи қатрагии помидор дар шаҳри Панҷакент,panjakent-pomidor-lenta-fishor-filtr
149,panjakent-24,Панҷакент,Panjakent,Sughd,A,layflat,картошка,C,Диаметр ва дарозии қубури қатшавандаи риштадор барои картошка дар шаҳри Панҷакент,panjakent-kartoshka-layflat-lf-diametr
150,panjakent-25,Панҷакент,Panjakent,Sughd,A,tape,сабзӣ,C,Нигоҳубини лентаи қатрагӣ дар мавсими сабзӣ дар шаҳри Панҷакент,panjakent-sabzi-lenta-nigohubini
151,isfara-01,Исфара,Isfara,Sughd,A,layflat,помидор,C,Нигоҳдории қубури қатшавандаи риштадор пас аз мавсими помидор дар шаҳри Исфара,isfara-pomidor-layflat-lf-nigohdori
152,isfara-02,Исфара,Isfara,Sughd,A,tape,карам,C,Кадом лентаи қатрагӣ ба обёрии карам дар шаҳри Исфара мувофиқ аст?,isfara-karam-lenta-muvofiq
153,isfara-03,Исфара,Isfara,Sughd,A,pipe,картошка,C,Интихоби диаметри қубури полиэтиленӣ барои обёрии картошка дар шаҳри Исфара,isfara-kartoshka-pe-qubur-pe-diametr
154,isfara-04,Исфара,Isfara,Sughd,A,tape,помидор,C,Обёрии қатрагии помидор дар шаҳри Исфара: чӣ гуна лента интихоб кунем?,isfara-pomidor-lenta-obyori-intikhob
155,isfara-05,Исфара,Isfara,Sughd,A,layflat,,,"Қубури қатшавандаи риштадор дар шаҳри Исфара: интихоб, насб ва пурсиш",isfara-umumi-layflat-lf-savol
156,isfara-06,Исфара,Isfara,Sughd,A,tape,,,Лентаи обёрии қатрагӣ дар шаҳри Исфара: саволу ҷавоби деҳқонон,isfara-umumi-lenta-savol-javob
157,isfara-07,Исфара,Isfara,Sughd,A,tape,пахта,B,Оғози мавсим: омодасозии лентаи қатрагӣ барои пахта дар шаҳри Исфара,isfara-pakhta-lenta-oghoz
158,isfara-08,Исфара,Isfara,Sughd,A,tape,харбуза,C,Хатогиҳои маъмул ҳангоми насби лентаи қатрагӣ барои харбуза дар шаҳри Исфара,isfara-kharbuza-lenta-khatogi
159,isfara-09,Исфара,Isfara,Sughd,A,tape,пиёз,C,Насби лентаи обёрии қатрагӣ барои киштзори пиёз дар шаҳри Исфара,isfara-piyoz-lenta-nasb
160,isfara-10,Исфара,Isfara,Sughd,A,pipe,,,Қубури полиэтиленӣ барои обёрӣ дар шаҳри Исфара: пурсиш ва интихоб,isfara-umumi-pe-qubur-pe-savol
161,isfara-11,Исфара,Isfara,Sughd,A,tape,картошка,C,Ҳисоби эҳтиёҷ ба лентаи қатрагӣ барои як гектар картошка дар шаҳри Исфара,isfara-kartoshka-lenta-gektar
162,isfara-12,Исфара,Isfara,Sughd,A,pipe,тарбуз,C,Қубури полиэтиленӣ ва лентаи қатрагӣ: маҷмааи обёрии тарбуз дар шаҳри Исфара,isfara-tarbuz-pe-qubur-pe-majmua
163,isfara-13,Исфара,Isfara,Sughd,A,pipe,бодиринг,C,Дарозии хат ва фишори қубури полиэтиленӣ барои киштзори бодиринг дар шаҳри Исфара,isfara-bodiring-pe-qubur-pe-fishor
164,isfara-14,Исфара,Isfara,Sughd,A,tape,тарбуз,C,Лентаи қатрагӣ ё обёрии ҷӯякӣ барои тарбуз дар шаҳри Исфара?,isfara-tarbuz-lenta-juyaki
165,isfara-15,Исфара,Isfara,Sughd,A,tape,пахта,B,Харид ва пурсиши лентаи обёрии қатрагӣ барои пахта дар шаҳри Исфара,isfara-pakhta-lenta-xarid
166,isfara-16,Исфара,Isfara,Sughd,A,layflat,сабзӣ,C,Қубури қатшавандаи риштадор: интиқоли об аз канал ба киштзори сабзӣ дар шаҳри Исфара,isfara-sabzi-layflat-lf-kanal
167,isfara-17,Исфара,Isfara,Sughd,A,tape,помидор,C,Фишори об ва филтр барои лентаи қатрагии помидор дар шаҳри Исфара,isfara-pomidor-lenta-fishor-filtr
168,isfara-18,Исфара,Isfara,Sughd,A,tape,ҷуворимакка,C,Лентаи обёрии қатрагӣ барои ҷуворимакка дар шаҳри Исфара,isfara-juvorimakka-lenta-lenta-baroi
169,isfara-19,Исфара,Isfara,Sughd,A,tape,сабзӣ,C,Масофаи байни хатҳои лентаи қатрагӣ барои сабзӣ дар шаҳри Исфара,isfara-sabzi-lenta-masofa
170,isfara-20,Исфара,Isfara,Sughd,A,layflat,пахта,B,Қубури қатшавандаи риштадор барои обрасонӣ ба киштзори пахта дар шаҳри Исфара,isfara-pakhta-layflat-lf-baroi
171,isfara-21,Исфара,Isfara,Sughd,A,pipe,пиёз,C,Хати асосии қубури полиэтиленӣ барои обёрии қатрагии пиёз дар шаҳри Исфара,isfara-piyoz-pe-qubur-pe-khati-asosi
172,isfara-22,Исфара,Isfara,Sughd,A,tape,бодиринг,C,Сарфаи об ҳангоми парвариши бодиринг бо лентаи қатрагӣ дар шаҳри Исфара,isfara-bodiring-lenta-sarfai-ob
173,isfara-23,Исфара,Isfara,Sughd,A,layflat,карам,C,Насби қубури қатшавандаи риштадор барои обёрии карам дар шаҳри Исфара,isfara-karam-layflat-lf-nasb
174,isfara-24,Исфара,Isfara,Sughd,A,pipe,харбуза,C,Пайвастсозии қубури полиэтиленӣ ба хати обёрии харбуза дар шаҳри Исфара,isfara-kharbuza-pe-qubur-pe-payvast
175,isfara-25,Исфара,Isfara,Sughd,A,layflat,ҷуворимакка,C,Диаметр ва дарозии қубури қатшавандаи риштадор барои ҷуворимакка дар шаҳри Исфара,isfara-juvorimakka-layflat-lf-diametr
176,istaravshan-01,Истаравшан,Istaravshan,Sughd,A,layflat,,,"Қубури қатшавандаи риштадор дар шаҳри Истаравшан: интихоб, насб ва пурсиш",istaravshan-umumi-layflat-lf-savol
177,istaravshan-02,Истаравшан,Istaravshan,Sughd,A,tape,карам,C,Нигоҳубини лентаи қатрагӣ дар мавсими карам дар шаҳри Истаравшан,istaravshan-karam-lenta-nigohubini
178,istaravshan-03,Истаравшан,Istaravshan,Sughd,A,tape,бодиринг,C,Лентаи обёрии қатрагӣ барои бодиринг дар шаҳри Истаравшан,istaravshan-bodiring-lenta-lenta-baroi
179,istaravshan-04,Истаравшан,Istaravshan,Sughd,A,tape,тарбуз,C,Фишори об ва филтр барои лентаи қатрагии тарбуз дар шаҳри Истаравшан,istaravshan-tarbuz-lenta-fishor-filtr
180,istaravshan-05,Истаравшан,Istaravshan,Sughd,A,layflat,картошка,C,Қубури қатшавандаи риштадор: интиқоли об аз канал ба киштзори картошка дар шаҳри Истаравшан,istaravshan-kartoshka-layflat-lf-kanal
181,istaravshan-06,Истаравшан,Istaravshan,Sughd,A,tape,сабзӣ,C,Оғози мавсим: омодасозии лентаи қатрагӣ барои сабзӣ дар шаҳри Истаравшан,istaravshan-sabzi-lenta-oghoz
182,istaravshan-07,Истаравшан,Istaravshan,Sughd,A,pipe,харбуза,C,Интихоби диаметри қубури полиэтиленӣ барои обёрии харбуза дар шаҳри Истаравшан,istaravshan-kharbuza-pe-qubur-pe-diametr
183,istaravshan-08,Истаравшан,Istaravshan,Sughd,A,tape,картошка,C,Харид ва пурсиши лентаи обёрии қатрагӣ барои картошка дар шаҳри Истаравшан,istaravshan-kartoshka-lenta-xarid
184,istaravshan-09,Истаравшан,Istaravshan,Sughd,A,tape,помидор,C,Лентаи қатрагӣ ё обёрии ҷӯякӣ барои помидор дар шаҳри Истаравшан?,istaravshan-pomidor-lenta-juyaki
185,istaravshan-10,Истаравшан,Istaravshan,Sughd,A,pipe,,,Қубури полиэтиленӣ барои обёрӣ дар шаҳри Истаравшан: пурсиш ва интихоб,istaravshan-umumi-pe-qubur-pe-savol
186,istaravshan-11,Истаравшан,Istaravshan,Sughd,A,pipe,тарбуз,C,Қубури полиэтиленӣ ва лентаи қатрагӣ: маҷмааи обёрии тарбуз дар шаҳри Истаравшан,istaravshan-tarbuz-pe-qubur-pe-majmua
187,istaravshan-12,Истаравшан,Istaravshan,Sughd,A,tape,помидор,C,Масофаи байни хатҳои лентаи қатрагӣ барои помидор дар шаҳри Истаравшан,istaravshan-pomidor-lenta-masofa
188,istaravshan-13,Истаравшан,Istaravshan,Sughd,A,layflat,сабзӣ,C,Насби қубури қатшавандаи риштадор барои обёрии сабзӣ дар шаҳри Истаравшан,istaravshan-sabzi-layflat-lf-nasb
189,istaravshan-14,Истаравшан,Istaravshan,Sughd,A,pipe,сабзӣ,C,Қубури полиэтиленӣ барои обрасонӣ ба киштзори сабзӣ дар шаҳри Истаравшан,istaravshan-sabzi-pe-qubur-pe-baroi
190,istaravshan-15,Истаравшан,Istaravshan,Sughd,A,tape,пиёз,C,Ҳисоби эҳтиёҷ ба лентаи қатрагӣ барои як гектар пиёз дар шаҳри Истаравшан,istaravshan-piyoz-lenta-gektar
191,istaravshan-16,Истаравшан,Istaravshan,Sughd,A,layflat,ҷуворимакка,C,Нигоҳдории қубури қатшавандаи риштадор пас аз мавсими ҷуворимакка дар шаҳри Истаравшан,istaravshan-juvorimakka-layflat-lf-nigohdori
192,istaravshan-17,Истаравшан,Istaravshan,Sughd,A,tape,картошка,C,Хатогиҳои маъмул ҳангоми насби лентаи қатрагӣ барои картошка дар шаҳри Истаравшан,istaravshan-kartoshka-lenta-khatogi
193,istaravshan-18,Истаравшан,Istaravshan,Sughd,A,layflat,помидор,C,Қубури қатшавандаи риштадор барои обрасонӣ ба киштзори помидор дар шаҳри Истаравшан,istaravshan-pomidor-layflat-lf-baroi
194,istaravshan-19,Истаравшан,Istaravshan,Sughd,A,tape,харбуза,C,Насби лентаи обёрии қатрагӣ барои киштзори харбуза дар шаҳри Истаравшан,istaravshan-kharbuza-lenta-nasb
195,istaravshan-20,Истаравшан,Istaravshan,Sughd,A,tape,ҷуворимакка,C,Обёрии қатрагии ҷуворимакка дар шаҳри Истаравшан: чӣ гуна лента интихоб кунем?,istaravshan-juvorimakka-lenta-obyori-intikhob
196,istaravshan-21,Истаравшан,Istaravshan,Sughd,A,tape,,,Лентаи обёрии қатрагӣ дар шаҳри Истаравшан: саволу ҷавоби деҳқонон,istaravshan-umumi-lenta-savol-javob
197,istaravshan-22,Истаравшан,Istaravshan,Sughd,A,tape,пиёз,C,Кадом лентаи қатрагӣ ба обёрии пиёз дар шаҳри Истаравшан мувофиқ аст?,istaravshan-piyoz-lenta-muvofiq
198,istaravshan-23,Истаравшан,Istaravshan,Sughd,A,pipe,карам,C,Қубури полиэтиленӣ барои обёрии карам: нигоҳдорӣ ва истифода дар шаҳри Истаравшан,istaravshan-karam-pe-qubur-pe-istifoda
199,istaravshan-24,Истаравшан,Istaravshan,Sughd,A,pipe,бодиринг,C,Дарозии хат ва фишори қубури полиэтиленӣ барои киштзори бодиринг дар шаҳри Истаравшан,istaravshan-bodiring-pe-qubur-pe-fishor
200,istaravshan-25,Истаравшан,Istaravshan,Sughd,A,layflat,пиёз,C,Қубури қатшавандаи риштадор барои обёрии пиёз аз насос дар шаҳри Истаравшан,istaravshan-piyoz-layflat-lf-nasos
201,ghafurov-01,Бобоҷон Ғафуров,Bobojon Ghafurov,Sughd,A,tape,помидор,C,Насби лентаи обёрии қатрагӣ барои киштзори помидор дар ноҳияи Бобоҷон Ғафуров,ghafurov-pomidor-lenta-nasb
202,ghafurov-02,Бобоҷон Ғафуров,Bobojon Ghafurov,Sughd,A,pipe,тарбуз,C,Хати асосии қубури полиэтиленӣ барои обёрии қатрагии тарбуз дар ноҳияи Бобоҷон Ғафуров,ghafurov-tarbuz-pe-qubur-pe-khati-asosi
203,ghafurov-03,Бобоҷон Ғафуров,Bobojon Ghafurov,Sughd,A,layflat,помидор,C,Диаметр ва дарозии қубури қатшавандаи риштадор барои помидор дар ноҳияи Бобоҷон Ғафуров,ghafurov-pomidor-layflat-lf-diametr
204,ghafurov-04,Бобоҷон Ғафуров,Bobojon Ghafurov,Sughd,A,layflat,,,"Қубури қатшавандаи риштадор дар ноҳияи Бобоҷон Ғафуров: интихоб, насб ва пурсиш",ghafurov-umumi-layflat-lf-savol
205,ghafurov-05,Бобоҷон Ғафуров,Bobojon Ghafurov,Sughd,A,layflat,сабзӣ,C,Қубури қатшавандаи риштадор барои обёрии сабзӣ аз насос дар ноҳияи Бобоҷон Ғафуров,ghafurov-sabzi-layflat-lf-nasos
206,ghafurov-06,Бобоҷон Ғафуров,Bobojon Ghafurov,Sughd,A,tape,тарбуз,C,Обёрии қатрагии тарбуз дар ноҳияи Бобоҷон Ғафуров: чӣ гуна лента интихоб кунем?,ghafurov-tarbuz-lenta-obyori-intikhob
207,ghafurov-07,Бобоҷон Ғафуров,Bobojon Ghafurov,Sughd,A,tape,бодиринг,C,Сарфаи об ҳангоми парвариши бодиринг бо лентаи қатрагӣ дар ноҳияи Бобоҷон Ғафуров,ghafurov-bodiring-lenta-sarfai-ob
208,ghafurov-08,Бобоҷон Ғафуров,Bobojon Ghafurov,Sughd,A,pipe,картошка,C,Қубури полиэтиленӣ ва лентаи қатрагӣ: маҷмааи обёрии картошка дар ноҳияи Бобоҷон Ғафуров,ghafurov-kartoshka-pe-qubur-pe-majmua
209,ghafurov-09,Бобоҷон Ғафуров,Bobojon Ghafurov,Sughd,A,tape,пиёз,C,Лентаи қатрагӣ ё обёрии ҷӯякӣ барои пиёз дар ноҳияи Бобоҷон Ғафуров?,ghafurov-piyoz-lenta-juyaki
210,ghafurov-10,Бобоҷон Ғафуров,Bobojon Ghafurov,Sughd,A,layflat,пахта,A,Қубури қатшавандаи риштадор ё қубури сахт барои пахта дар ноҳияи Бобоҷон Ғафуров?,ghafurov-pakhta-layflat-lf-ya-sakht
211,ghafurov-11,Бобоҷон Ғафуров,Bobojon Ghafurov,Sughd,A,pipe,харбуза,C,Қубури полиэтиленӣ барои обрасонӣ ба киштзори харбуза дар ноҳияи Бобоҷон Ғафуров,ghafurov-kharbuza-pe-qubur-pe-baroi
212,ghafurov-12,Бобоҷон Ғафуров,Bobojon Ghafurov,Sughd,A,tape,сабзӣ,C,Ҳисоби эҳтиёҷ ба лентаи қатрагӣ барои як гектар сабзӣ дар ноҳияи Бобоҷон Ғафуров,ghafurov-sabzi-lenta-gektar
213,ghafurov-13,Бобоҷон Ғафуров,Bobojon Ghafurov,Sughd,A,pipe,,,Қубури полиэтиленӣ барои обёрӣ дар ноҳияи Бобоҷон Ғафуров: пурсиш ва интихоб,ghafurov-umumi-pe-qubur-pe-savol
214,ghafurov-14,Бобоҷон Ғафуров,Bobojon Ghafurov,Sughd,A,tape,пахта,A,Кадом лентаи қатрагӣ ба обёрии пахта дар ноҳияи Бобоҷон Ғафуров мувофиқ аст?,ghafurov-pakhta-lenta-muvofiq
215,ghafurov-15,Бобоҷон Ғафуров,Bobojon Ghafurov,Sughd,A,tape,карам,C,Хатогиҳои маъмул ҳангоми насби лентаи қатрагӣ барои карам дар ноҳияи Бобоҷон Ғафуров,ghafurov-karam-lenta-khatogi
216,ghafurov-16,Бобоҷон Ғафуров,Bobojon Ghafurov,Sughd,A,tape,,,Лентаи обёрии қатрагӣ дар ноҳияи Бобоҷон Ғафуров: саволу ҷавоби деҳқонон,ghafurov-umumi-lenta-savol-javob
217,ghafurov-17,Бобоҷон Ғафуров,Bobojon Ghafurov,Sughd,A,pipe,пиёз,C,Дарозии хат ва фишори қубури полиэтиленӣ барои киштзори пиёз дар ноҳияи Бобоҷон Ғафуров,ghafurov-piyoz-pe-qubur-pe-fishor
218,ghafurov-18,Бобоҷон Ғафуров,Bobojon Ghafurov,Sughd,A,tape,пахта,A,Оғози мавсим: омодасозии лентаи қатрагӣ барои пахта дар ноҳияи Бобоҷон Ғафуров,ghafurov-pakhta-lenta-oghoz
219,ghafurov-19,Бобоҷон Ғафуров,Bobojon Ghafurov,Sughd,A,tape,картошка,C,Масофаи байни хатҳои лентаи қатрагӣ барои картошка дар ноҳияи Бобоҷон Ғафуров,ghafurov-kartoshka-lenta-masofa
220,ghafurov-20,Бобоҷон Ғафуров,Bobojon Ghafurov,Sughd,A,layflat,ҷуворимакка,C,Қубури қатшавандаи риштадор барои обрасонӣ ба киштзори ҷуворимакка дар ноҳияи Бобоҷон Ғафуров,ghafurov-juvorimakka-layflat-lf-baroi
221,ghafurov-21,Бобоҷон Ғафуров,Bobojon Ghafurov,Sughd,A,tape,помидор,C,Лентаи обёрии қатрагӣ барои помидор дар ноҳияи Бобоҷон Ғафуров,ghafurov-pomidor-lenta-lenta-baroi
222,ghafurov-22,Бобоҷон Ғафуров,Bobojon Ghafurov,Sughd,A,tape,ҷуворимакка,C,Нигоҳубини лентаи қатрагӣ дар мавсими ҷуворимакка дар ноҳияи Бобоҷон Ғафуров,ghafurov-juvorimakka-lenta-nigohubini
223,ghafurov-23,Бобоҷон Ғафуров,Bobojon Ghafurov,Sughd,A,pipe,бодиринг,C,Интихоби диаметри қубури полиэтиленӣ барои обёрии бодиринг дар ноҳияи Бобоҷон Ғафуров,ghafurov-bodiring-pe-qubur-pe-diametr
224,ghafurov-24,Бобоҷон Ғафуров,Bobojon Ghafurov,Sughd,A,tape,харбуза,C,Харид ва пурсиши лентаи обёрии қатрагӣ барои харбуза дар ноҳияи Бобоҷон Ғафуров,ghafurov-kharbuza-lenta-xarid
225,ghafurov-25,Бобоҷон Ғафуров,Bobojon Ghafurov,Sughd,A,layflat,карам,C,Насби қубури қатшавандаи риштадор барои обёрии карам дар ноҳияи Бобоҷон Ғафуров,ghafurov-karam-layflat-lf-nasb
226,kushoniyon-01,Кӯшониён,Kushoniyon,Khatlon,A,tape,тарбуз,C,Насби лентаи обёрии қатрагӣ барои киштзори тарбуз дар ноҳияи Кӯшониён,kushoniyon-tarbuz-lenta-nasb
227,kushoniyon-02,Кӯшониён,Kushoniyon,Khatlon,A,layflat,,,"Қубури қатшавандаи риштадор дар ноҳияи Кӯшониён: интихоб, насб ва пурсиш",kushoniyon-umumi-layflat-lf-savol
228,kushoniyon-03,Кӯшониён,Kushoniyon,Khatlon,A,pipe,тарбуз,C,Қубури полиэтиленӣ барои обёрии тарбуз: нигоҳдорӣ ва истифода дар ноҳияи Кӯшониён,kushoniyon-tarbuz-pe-qubur-pe-istifoda
229,kushoniyon-04,Кӯшониён,Kushoniyon,Khatlon,A,tape,помидор,C,Оғози мавсим: омодасозии лентаи қатрагӣ барои помидор дар ноҳияи Кӯшониён,kushoniyon-pomidor-lenta-oghoz
230,kushoniyon-05,Кӯшониён,Kushoniyon,Khatlon,A,tape,пиёз,C,Хатогиҳои маъмул ҳангоми насби лентаи қатрагӣ барои пиёз дар ноҳияи Кӯшониён,kushoniyon-piyoz-lenta-khatogi
231,kushoniyon-06,Кӯшониён,Kushoniyon,Khatlon,A,layflat,ҷуворимакка,C,Қубури қатшавандаи риштадор: интиқоли об аз канал ба киштзори ҷуворимакка дар ноҳияи Кӯшониён,kushoniyon-juvorimakka-layflat-lf-kanal
232,kushoniyon-07,Кӯшониён,Kushoniyon,Khatlon,A,pipe,картошка,C,Интихоби диаметри қубури полиэтиленӣ барои обёрии картошка дар ноҳияи Кӯшониён,kushoniyon-kartoshka-pe-qubur-pe-diametr
233,kushoniyon-08,Кӯшониён,Kushoniyon,Khatlon,A,tape,картошка,C,Кадом лентаи қатрагӣ ба обёрии картошка дар ноҳияи Кӯшониён мувофиқ аст?,kushoniyon-kartoshka-lenta-muvofiq
234,kushoniyon-09,Кӯшониён,Kushoniyon,Khatlon,A,tape,харбуза,C,Лентаи қатрагӣ ё обёрии ҷӯякӣ барои харбуза дар ноҳияи Кӯшониён?,kushoniyon-kharbuza-lenta-juyaki
235,kushoniyon-10,Кӯшониён,Kushoniyon,Khatlon,A,tape,ҷуворимакка,C,Ҳисоби эҳтиёҷ ба лентаи қатрагӣ барои як гектар ҷуворимакка дар ноҳияи Кӯшониён,kushoniyon-juvorimakka-lenta-gektar
236,kushoniyon-11,Кӯшониён,Kushoniyon,Khatlon,A,tape,сабзӣ,C,Лентаи обёрии қатрагӣ барои сабзӣ дар ноҳияи Кӯшониён,kushoniyon-sabzi-lenta-lenta-baroi
237,kushoniyon-12,Кӯшониён,Kushoniyon,Khatlon,A,tape,,,Лентаи обёрии қатрагӣ дар ноҳияи Кӯшониён: саволу ҷавоби деҳқонон,kushoniyon-umumi-lenta-savol-javob
238,kushoniyon-13,Кӯшониён,Kushoniyon,Khatlon,A,layflat,карам,C,Диаметр ва дарозии қубури қатшавандаи риштадор барои карам дар ноҳияи Кӯшониён,kushoniyon-karam-layflat-lf-diametr
239,kushoniyon-14,Кӯшониён,Kushoniyon,Khatlon,A,tape,бодиринг,C,Нигоҳубини лентаи қатрагӣ дар мавсими бодиринг дар ноҳияи Кӯшониён,kushoniyon-bodiring-lenta-nigohubini
240,kushoniyon-15,Кӯшониён,Kushoniyon,Khatlon,A,tape,карам,C,Харид ва пурсиши лентаи обёрии қатрагӣ барои карам дар ноҳияи Кӯшониён,kushoniyon-karam-lenta-xarid
241,kushoniyon-16,Кӯшониён,Kushoniyon,Khatlon,A,tape,помидор,C,Сарфаи об ҳангоми парвариши помидор бо лентаи қатрагӣ дар ноҳияи Кӯшониён,kushoniyon-pomidor-lenta-sarfai-ob
242,kushoniyon-17,Кӯшониён,Kushoniyon,Khatlon,A,layflat,помидор,C,Нигоҳдории қубури қатшавандаи риштадор пас аз мавсими помидор дар ноҳияи Кӯшониён,kushoniyon-pomidor-layflat-lf-nigohdori
243,kushoniyon-18,Кӯшониён,Kushoniyon,Khatlon,A,tape,пахта,B,Обёрии қатрагии пахта дар ноҳияи Кӯшониён: чӣ гуна лента интихоб кунем?,kushoniyon-pakhta-lenta-obyori-intikhob
244,kushoniyon-19,Кӯшониён,Kushoniyon,Khatlon,A,pipe,харбуза,C,Дарозии хат ва фишори қубури полиэтиленӣ барои киштзори харбуза дар ноҳияи Кӯшониён,kushoniyon-kharbuza-pe-qubur-pe-fishor
245,kushoniyon-20,Кӯшониён,Kushoniyon,Khatlon,A,pipe,пиёз,C,Қубури полиэтиленӣ ва лентаи қатрагӣ: маҷмааи обёрии пиёз дар ноҳияи Кӯшониён,kushoniyon-piyoz-pe-qubur-pe-majmua
246,kushoniyon-21,Кӯшониён,Kushoniyon,Khatlon,A,pipe,,,Қубури полиэтиленӣ барои обёрӣ дар ноҳияи Кӯшониён: пурсиш ва интихоб,kushoniyon-umumi-pe-qubur-pe-savol
247,kushoniyon-22,Кӯшониён,Kushoniyon,Khatlon,A,tape,пахта,B,Фишори об ва филтр барои лентаи қатрагии пахта дар ноҳияи Кӯшониён,kushoniyon-pakhta-lenta-fishor-filtr
248,kushoniyon-23,Кӯшониён,Kushoniyon,Khatlon,A,layflat,пахта,B,Қубури қатшавандаи риштадор барои обрасонӣ ба киштзори пахта дар ноҳияи Кӯшониён,kushoniyon-pakhta-layflat-lf-baroi
249,kushoniyon-24,Кӯшониён,Kushoniyon,Khatlon,A,pipe,бодиринг,C,Пайвастсозии қубури полиэтиленӣ ба хати обёрии бодиринг дар ноҳияи Кӯшониён,kushoniyon-bodiring-pe-qubur-pe-payvast
250,kushoniyon-25,Кӯшониён,Kushoniyon,Khatlon,A,layflat,сабзӣ,C,Насби қубури қатшавандаи риштадор барои обёрии сабзӣ дар ноҳияи Кӯшониён,kushoniyon-sabzi-layflat-lf-nasb
251,khujand-01,Хуҷанд,Khujand,Sughd,B,tape,бодиринг,C,Фишори об ва филтр барои лентаи қатрагии бодиринг дар шаҳри Хуҷанд,khujand-bodiring-lenta-fishor-filtr
252,khujand-02,Хуҷанд,Khujand,Sughd,B,tape,сабзӣ,C,Сарфаи об ҳангоми парвариши сабзӣ бо лентаи қатрагӣ дар шаҳри Хуҷанд,khujand-sabzi-lenta-sarfai-ob
253,khujand-03,Хуҷанд,Khujand,Sughd,B,pipe,пахта,B,Дарозии хат ва фишори қубури полиэтиленӣ барои киштзори пахта дар шаҳри Хуҷанд,khujand-pakhta-pe-qubur-pe-fishor
254,khujand-04,Хуҷанд,Khujand,Sughd,B,tape,помидор,C,Оғози мавсим: омодасозии лентаи қатрагӣ барои помидор дар шаҳри Хуҷанд,khujand-pomidor-lenta-oghoz
255,khujand-05,Хуҷанд,Khujand,Sughd,B,layflat,помидор,C,Нигоҳдории қубури қатшавандаи риштадор пас аз мавсими помидор дар шаҳри Хуҷанд,khujand-pomidor-layflat-lf-nigohdori
256,khujand-06,Хуҷанд,Khujand,Sughd,B,pipe,ҷуворимакка,C,Қубури полиэтиленӣ барои обёрии ҷуворимакка: нигоҳдорӣ ва истифода дар шаҳри Хуҷанд,khujand-juvorimakka-pe-qubur-pe-istifoda
257,khujand-07,Хуҷанд,Khujand,Sughd,B,tape,пиёз,C,Ҳисоби эҳтиёҷ ба лентаи қатрагӣ барои як гектар пиёз дар шаҳри Хуҷанд,khujand-piyoz-lenta-gektar
258,khujand-08,Хуҷанд,Khujand,Sughd,B,tape,картошка,C,Хатогиҳои маъмул ҳангоми насби лентаи қатрагӣ барои картошка дар шаҳри Хуҷанд,khujand-kartoshka-lenta-khatogi
259,khujand-09,Хуҷанд,Khujand,Sughd,B,layflat,пиёз,C,Насби қубури қатшавандаи риштадор барои обёрии пиёз дар шаҳри Хуҷанд,khujand-piyoz-layflat-lf-nasb
260,khujand-10,Хуҷанд,Khujand,Sughd,B,pipe,,,Қубури полиэтиленӣ барои обёрӣ дар шаҳри Хуҷанд: пурсиш ва интихоб,khujand-umumi-pe-qubur-pe-savol
261,khujand-11,Хуҷанд,Khujand,Sughd,B,tape,пахта,B,Лентаи обёрии қатрагӣ барои пахта дар шаҳри Хуҷанд,khujand-pakhta-lenta-lenta-baroi
262,khujand-12,Хуҷанд,Khujand,Sughd,B,tape,харбуза,C,Лентаи қатрагӣ ё обёрии ҷӯякӣ барои харбуза дар шаҳри Хуҷанд?,khujand-kharbuza-lenta-juyaki
263,khujand-13,Хуҷанд,Khujand,Sughd,B,tape,карам,C,Нигоҳубини лентаи қатрагӣ дар мавсими карам дар шаҳри Хуҷанд,khujand-karam-lenta-nigohubini
264,khujand-14,Хуҷанд,Khujand,Sughd,B,layflat,,,"Қубури қатшавандаи риштадор дар шаҳри Хуҷанд: интихоб, насб ва пурсиш",khujand-umumi-layflat-lf-savol
265,khujand-15,Хуҷанд,Khujand,Sughd,B,tape,тарбуз,C,Обёрии қатрагии тарбуз дар шаҳри Хуҷанд: чӣ гуна лента интихоб кунем?,khujand-tarbuz-lenta-obyori-intikhob
266,konibodom-01,Конибодом,Konibodom,Sughd,B,tape,пахта,B,Кадом лентаи қатрагӣ ба обёрии пахта дар шаҳри Конибодом мувофиқ аст?,konibodom-pakhta-lenta-muvofiq
267,konibodom-02,Конибодом,Konibodom,Sughd,B,layflat,,,"Қубури қатшавандаи риштадор дар шаҳри Конибодом: интихоб, насб ва пурсиш",konibodom-umumi-layflat-lf-savol
268,konibodom-03,Конибодом,Konibodom,Sughd,B,layflat,пиёз,C,Насби қубури қатшавандаи риштадор барои обёрии пиёз дар шаҳри Конибодом,konibodom-piyoz-layflat-lf-nasb
269,konibodom-04,Конибодом,Konibodom,Sughd,B,tape,сабзӣ,C,Ҳисоби эҳтиёҷ ба лентаи қатрагӣ барои як гектар сабзӣ дар шаҳри Конибодом,konibodom-sabzi-lenta-gektar
270,konibodom-05,Конибодом,Konibodom,Sughd,B,tape,тарбуз,C,Фишори об ва филтр барои лентаи қатрагии тарбуз дар шаҳри Конибодом,konibodom-tarbuz-lenta-fishor-filtr
271,konibodom-06,Конибодом,Konibodom,Sughd,B,tape,помидор,C,Хатогиҳои маъмул ҳангоми насби лентаи қатрагӣ барои помидор дар шаҳри Конибодом,konibodom-pomidor-lenta-khatogi
272,konibodom-07,Конибодом,Konibodom,Sughd,B,pipe,,,Қубури полиэтиленӣ барои обёрӣ дар шаҳри Конибодом: пурсиш ва интихоб,konibodom-umumi-pe-qubur-pe-savol
273,konibodom-08,Конибодом,Konibodom,Sughd,B,tape,картошка,C,Обёрии қатрагии картошка дар шаҳри Конибодом: чӣ гуна лента интихоб кунем?,konibodom-kartoshka-lenta-obyori-intikhob
274,konibodom-09,Конибодом,Konibodom,Sughd,B,tape,карам,C,Насби лентаи обёрии қатрагӣ барои киштзори карам дар шаҳри Конибодом,konibodom-karam-lenta-nasb
275,konibodom-10,Конибодом,Konibodom,Sughd,B,tape,бодиринг,C,Харид ва пурсиши лентаи обёрии қатрагӣ барои бодиринг дар шаҳри Конибодом,konibodom-bodiring-lenta-xarid
276,konibodom-11,Конибодом,Konibodom,Sughd,B,layflat,помидор,C,Нигоҳдории қубури қатшавандаи риштадор пас аз мавсими помидор дар шаҳри Конибодом,konibodom-pomidor-layflat-lf-nigohdori
277,konibodom-12,Конибодом,Konibodom,Sughd,B,tape,харбуза,C,Сарфаи об ҳангоми парвариши харбуза бо лентаи қатрагӣ дар шаҳри Конибодом,konibodom-kharbuza-lenta-sarfai-ob
278,konibodom-13,Конибодом,Konibodom,Sughd,B,pipe,ҷуворимакка,C,Дарозии хат ва фишори қубури полиэтиленӣ барои киштзори ҷуворимакка дар шаҳри Конибодом,konibodom-juvorimakka-pe-qubur-pe-fishor
279,konibodom-14,Конибодом,Konibodom,Sughd,B,tape,пиёз,C,Лентаи қатрагӣ ё обёрии ҷӯякӣ барои пиёз дар шаҳри Конибодом?,konibodom-piyoz-lenta-juyaki
280,konibodom-15,Конибодом,Konibodom,Sughd,B,pipe,пахта,B,Қубури полиэтиленӣ барои обрасонӣ ба киштзори пахта дар шаҳри Конибодом,konibodom-pakhta-pe-qubur-pe-baroi
281,asht-01,Ашт,Asht,Sughd,B,tape,харбуза,C,Масофаи байни хатҳои лентаи қатрагӣ барои харбуза дар ноҳияи Ашт,asht-kharbuza-lenta-masofa
282,asht-02,Ашт,Asht,Sughd,B,pipe,,,Қубури полиэтиленӣ барои обёрӣ дар ноҳияи Ашт: пурсиш ва интихоб,asht-umumi-pe-qubur-pe-savol
283,asht-03,Ашт,Asht,Sughd,B,tape,тарбуз,C,Хатогиҳои маъмул ҳангоми насби лентаи қатрагӣ барои тарбуз дар ноҳияи Ашт,asht-tarbuz-lenta-khatogi
284,asht-04,Ашт,Asht,Sughd,B,layflat,,,"Қубури қатшавандаи риштадор дар ноҳияи Ашт: интихоб, насб ва пурсиш",asht-umumi-layflat-lf-savol
285,asht-05,Ашт,Asht,Sughd,B,pipe,пахта,B,Қубури полиэтиленӣ ва лентаи қатрагӣ: маҷмааи обёрии пахта дар ноҳияи Ашт,asht-pakhta-pe-qubur-pe-majmua
286,asht-06,Ашт,Asht,Sughd,B,tape,пиёз,C,Нигоҳубини лентаи қатрагӣ дар мавсими пиёз дар ноҳияи Ашт,asht-piyoz-lenta-nigohubini
287,asht-07,Ашт,Asht,Sughd,B,pipe,ҷуворимакка,C,Хати асосии қубури полиэтиленӣ барои обёрии қатрагии ҷуворимакка дар ноҳияи Ашт,asht-juvorimakka-pe-qubur-pe-khati-asosi
288,asht-08,Ашт,Asht,Sughd,B,layflat,помидор,C,Қубури қатшавандаи риштадор ё қубури сахт барои помидор дар ноҳияи Ашт?,asht-pomidor-layflat-lf-ya-sakht
289,asht-09,Ашт,Asht,Sughd,B,tape,сабзӣ,C,Лентаи қатрагӣ ё обёрии ҷӯякӣ барои сабзӣ дар ноҳияи Ашт?,asht-sabzi-lenta-juyaki
290,asht-10,Ашт,Asht,Sughd,B,tape,помидор,C,Фишори об ва филтр барои лентаи қатрагии помидор дар ноҳияи Ашт,asht-pomidor-lenta-fishor-filtr
291,asht-11,Ашт,Asht,Sughd,B,tape,картошка,C,Сарфаи об ҳангоми парвариши картошка бо лентаи қатрагӣ дар ноҳияи Ашт,asht-kartoshka-lenta-sarfai-ob
292,asht-12,Ашт,Asht,Sughd,B,tape,карам,C,Харид ва пурсиши лентаи обёрии қатрагӣ барои карам дар ноҳияи Ашт,asht-karam-lenta-xarid
293,asht-13,Ашт,Asht,Sughd,B,tape,пахта,B,Обёрии қатрагии пахта дар ноҳияи Ашт: чӣ гуна лента интихоб кунем?,asht-pakhta-lenta-obyori-intikhob
294,asht-14,Ашт,Asht,Sughd,B,layflat,пиёз,C,Диаметр ва дарозии қубури қатшавандаи риштадор барои пиёз дар ноҳияи Ашт,asht-piyoz-layflat-lf-diametr
295,asht-15,Ашт,Asht,Sughd,B,tape,бодиринг,C,Оғози мавсим: омодасозии лентаи қатрагӣ барои бодиринг дар ноҳияи Ашт,asht-bodiring-lenta-oghoz
296,ghonchi-01,Ғончӣ,Ghonchi,Sughd,B,tape,карам,C,Фишори об ва филтр барои лентаи қатрагии карам дар ноҳияи Ғончӣ,ghonchi-karam-lenta-fishor-filtr
297,ghonchi-02,Ғончӣ,Ghonchi,Sughd,B,layflat,сабзӣ,C,Насби қубури қатшавандаи риштадор барои обёрии сабзӣ дар ноҳияи Ғончӣ,ghonchi-sabzi-layflat-lf-nasb
298,ghonchi-03,Ғончӣ,Ghonchi,Sughd,B,pipe,,,Қубури полиэтиленӣ барои обёрӣ дар ноҳияи Ғончӣ: пурсиш ва интихоб,ghonchi-umumi-pe-qubur-pe-savol
299,ghonchi-04,Ғончӣ,Ghonchi,Sughd,B,pipe,помидор,C,Пайвастсозии қубури полиэтиленӣ ба хати обёрии помидор дар ноҳияи Ғончӣ,ghonchi-pomidor-pe-qubur-pe-payvast
300,ghonchi-05,Ғончӣ,Ghonchi,Sughd,B,tape,тарбуз,C,Нигоҳубини лентаи қатрагӣ дар мавсими тарбуз дар ноҳияи Ғончӣ,ghonchi-tarbuz-lenta-nigohubini
301,ghonchi-06,Ғончӣ,Ghonchi,Sughd,B,tape,сабзӣ,C,Оғози мавсим: омодасозии лентаи қатрагӣ барои сабзӣ дар ноҳияи Ғончӣ,ghonchi-sabzi-lenta-oghoz
302,ghonchi-07,Ғончӣ,Ghonchi,Sughd,B,tape,бодиринг,C,Харид ва пурсиши лентаи обёрии қатрагӣ барои бодиринг дар ноҳияи Ғончӣ,ghonchi-bodiring-lenta-xarid
303,ghonchi-08,Ғончӣ,Ghonchi,Sughd,B,tape,харбуза,C,Лентаи обёрии қатрагӣ барои харбуза дар ноҳияи Ғончӣ,ghonchi-kharbuza-lenta-lenta-baroi
304,ghonchi-09,Ғончӣ,Ghonchi,Sughd,B,tape,помидор,C,Масофаи байни хатҳои лентаи қатрагӣ барои помидор дар ноҳияи Ғончӣ,ghonchi-pomidor-lenta-masofa
305,ghonchi-10,Ғончӣ,Ghonchi,Sughd,B,layflat,,,"Қубури қатшавандаи риштадор дар ноҳияи Ғончӣ: интихоб, насб ва пурсиш",ghonchi-umumi-layflat-lf-savol
306,ghonchi-11,Ғончӣ,Ghonchi,Sughd,B,tape,ҷуворимакка,C,Обёрии қатрагии ҷуворимакка дар ноҳияи Ғончӣ: чӣ гуна лента интихоб кунем?,ghonchi-juvorimakka-lenta-obyori-intikhob
307,ghonchi-12,Ғончӣ,Ghonchi,Sughd,B,pipe,картошка,C,Интихоби диаметри қубури полиэтиленӣ барои обёрии картошка дар ноҳияи Ғончӣ,ghonchi-kartoshka-pe-qubur-pe-diametr
308,ghonchi-13,Ғончӣ,Ghonchi,Sughd,B,layflat,пиёз,C,Диаметр ва дарозии қубури қатшавандаи риштадор барои пиёз дар ноҳияи Ғончӣ,ghonchi-piyoz-layflat-lf-diametr
309,ghonchi-14,Ғончӣ,Ghonchi,Sughd,B,tape,картошка,C,Кадом лентаи қатрагӣ ба обёрии картошка дар ноҳияи Ғончӣ мувофиқ аст?,ghonchi-kartoshka-lenta-muvofiq
310,ghonchi-15,Ғончӣ,Ghonchi,Sughd,B,tape,пиёз,C,Насби лентаи обёрии қатрагӣ барои киштзори пиёз дар ноҳияи Ғончӣ,ghonchi-piyoz-lenta-nasb
311,spitamen-01,Спитамен,Spitamen,Sughd,B,pipe,пахта,B,Хати асосии қубури полиэтиленӣ барои обёрии қатрагии пахта дар ноҳияи Спитамен,spitamen-pakhta-pe-qubur-pe-khati-asosi
312,spitamen-02,Спитамен,Spitamen,Sughd,B,tape,пахта,B,Ҳисоби эҳтиёҷ ба лентаи қатрагӣ барои як гектар пахта дар ноҳияи Спитамен,spitamen-pakhta-lenta-gektar
313,spitamen-03,Спитамен,Spitamen,Sughd,B,layflat,помидор,C,Қубури қатшавандаи риштадор барои обёрии помидор аз насос дар ноҳияи Спитамен,spitamen-pomidor-layflat-lf-nasos
314,spitamen-04,Спитамен,Spitamen,Sughd,B,tape,помидор,C,Масофаи байни хатҳои лентаи қатрагӣ барои помидор дар ноҳияи Спитамен,spitamen-pomidor-lenta-masofa
315,spitamen-05,Спитамен,Spitamen,Sughd,B,tape,тарбуз,C,Лентаи қатрагӣ ё обёрии ҷӯякӣ барои тарбуз дар ноҳияи Спитамен?,spitamen-tarbuz-lenta-juyaki
316,spitamen-06,Спитамен,Spitamen,Sughd,B,tape,картошка,C,Насби лентаи обёрии қатрагӣ барои киштзори картошка дар ноҳияи Спитамен,spitamen-kartoshka-lenta-nasb
317,spitamen-07,Спитамен,Spitamen,Sughd,B,tape,карам,C,Обёрии қатрагии карам дар ноҳияи Спитамен: чӣ гуна лента интихоб кунем?,spitamen-karam-lenta-obyori-intikhob
318,spitamen-08,Спитамен,Spitamen,Sughd,B,pipe,,,Қубури полиэтиленӣ барои обёрӣ дар ноҳияи Спитамен: пурсиш ва интихоб,spitamen-umumi-pe-qubur-pe-savol
319,spitamen-09,Спитамен,Spitamen,Sughd,B,layflat,,,"Қубури қатшавандаи риштадор дар ноҳияи Спитамен: интихоб, насб ва пурсиш",spitamen-umumi-layflat-lf-savol
320,spitamen-10,Спитамен,Spitamen,Sughd,B,tape,сабзӣ,C,Оғози мавсим: омодасозии лентаи қатрагӣ барои сабзӣ дар ноҳияи Спитамен,spitamen-sabzi-lenta-oghoz
321,spitamen-11,Спитамен,Spitamen,Sughd,B,tape,пиёз,C,Сарфаи об ҳангоми парвариши пиёз бо лентаи қатрагӣ дар ноҳияи Спитамен,spitamen-piyoz-lenta-sarfai-ob
322,spitamen-12,Спитамен,Spitamen,Sughd,B,tape,харбуза,C,Хатогиҳои маъмул ҳангоми насби лентаи қатрагӣ барои харбуза дар ноҳияи Спитамен,spitamen-kharbuza-lenta-khatogi
323,spitamen-13,Спитамен,Spitamen,Sughd,B,pipe,ҷуворимакка,C,Қубури полиэтиленӣ барои обрасонӣ ба киштзори ҷуворимакка дар ноҳияи Спитамен,spitamen-juvorimakka-pe-qubur-pe-baroi
324,spitamen-14,Спитамен,Spitamen,Sughd,B,tape,бодиринг,C,Нигоҳубини лентаи қатрагӣ дар мавсими бодиринг дар ноҳияи Спитамен,spitamen-bodiring-lenta-nigohubini
325,spitamen-15,Спитамен,Spitamen,Sughd,B,layflat,пиёз,C,Диаметр ва дарозии қубури қатшавандаи риштадор барои пиёз дар ноҳияи Спитамен,spitamen-piyoz-layflat-lf-diametr
326,jabbor-rasulov-01,Ҷаббор Расулов,Jabbor Rasulov,Sughd,B,layflat,помидор,C,Нигоҳдории қубури қатшавандаи риштадор пас аз мавсими помидор дар ноҳияи Ҷаббор Расулов,jabbor-rasulov-pomidor-layflat-lf-nigohdori
327,jabbor-rasulov-02,Ҷаббор Расулов,Jabbor Rasulov,Sughd,B,tape,пахта,B,Сарфаи об ҳангоми парвариши пахта бо лентаи қатрагӣ дар ноҳияи Ҷаббор Расулов,jabbor-rasulov-pakhta-lenta-sarfai-ob
328,jabbor-rasulov-03,Ҷаббор Расулов,Jabbor Rasulov,Sughd,B,tape,сабзӣ,C,Фишори об ва филтр барои лентаи қатрагии сабзӣ дар ноҳияи Ҷаббор Расулов,jabbor-rasulov-sabzi-lenta-fishor-filtr
329,jabbor-rasulov-04,Ҷаббор Расулов,Jabbor Rasulov,Sughd,B,pipe,ҷуворимакка,C,Қубури полиэтиленӣ барои обрасонӣ ба киштзори ҷуворимакка дар ноҳияи Ҷаббор Расулов,jabbor-rasulov-juvorimakka-pe-qubur-pe-baroi
330,jabbor-rasulov-05,Ҷаббор Расулов,Jabbor Rasulov,Sughd,B,layflat,,,"Қубури қатшавандаи риштадор дар ноҳияи Ҷаббор Расулов: интихоб, насб ва пурсиш",jabbor-rasulov-umumi-layflat-lf-savol
331,jabbor-rasulov-06,Ҷаббор Расулов,Jabbor Rasulov,Sughd,B,tape,помидор,C,Ҳисоби эҳтиёҷ ба лентаи қатрагӣ барои як гектар помидор дар ноҳияи Ҷаббор Расулов,jabbor-rasulov-pomidor-lenta-gektar
332,jabbor-rasulov-07,Ҷаббор Расулов,Jabbor Rasulov,Sughd,B,pipe,пахта,B,Хати асосии қубури полиэтиленӣ барои обёрии қатрагии пахта дар ноҳияи Ҷаббор Расулов,jabbor-rasulov-pakhta-pe-qubur-pe-khati-asosi
333,jabbor-rasulov-08,Ҷаббор Расулов,Jabbor Rasulov,Sughd,B,pipe,,,Қубури полиэтиленӣ барои обёрӣ дар ноҳияи Ҷаббор Расулов: пурсиш ва интихоб,jabbor-rasulov-umumi-pe-qubur-pe-savol
334,jabbor-rasulov-09,Ҷаббор Расулов,Jabbor Rasulov,Sughd,B,tape,карам,C,Хатогиҳои маъмул ҳангоми насби лентаи қатрагӣ барои карам дар ноҳияи Ҷаббор Расулов,jabbor-rasulov-karam-lenta-khatogi
335,jabbor-rasulov-10,Ҷаббор Расулов,Jabbor Rasulov,Sughd,B,tape,харбуза,C,Масофаи байни хатҳои лентаи қатрагӣ барои харбуза дар ноҳияи Ҷаббор Расулов,jabbor-rasulov-kharbuza-lenta-masofa
336,jabbor-rasulov-11,Ҷаббор Расулов,Jabbor Rasulov,Sughd,B,tape,пиёз,C,Лентаи обёрии қатрагӣ барои пиёз дар ноҳияи Ҷаббор Расулов,jabbor-rasulov-piyoz-lenta-lenta-baroi
337,jabbor-rasulov-12,Ҷаббор Расулов,Jabbor Rasulov,Sughd,B,tape,картошка,C,Обёрии қатрагии картошка дар ноҳияи Ҷаббор Расулов: чӣ гуна лента интихоб кунем?,jabbor-rasulov-kartoshka-lenta-obyori-intikhob
338,jabbor-rasulov-13,Ҷаббор Расулов,Jabbor Rasulov,Sughd,B,tape,тарбуз,C,Харид ва пурсиши лентаи обёрии қатрагӣ барои тарбуз дар ноҳияи Ҷаббор Расулов,jabbor-rasulov-tarbuz-lenta-xarid
339,jabbor-rasulov-14,Ҷаббор Расулов,Jabbor Rasulov,Sughd,B,tape,бодиринг,C,Насби лентаи обёрии қатрагӣ барои киштзори бодиринг дар ноҳияи Ҷаббор Расулов,jabbor-rasulov-bodiring-lenta-nasb
340,jabbor-rasulov-15,Ҷаббор Расулов,Jabbor Rasulov,Sughd,B,layflat,пиёз,C,Қубури қатшавандаи риштадор ё қубури сахт барои пиёз дар ноҳияи Ҷаббор Расулов?,jabbor-rasulov-piyoz-layflat-lf-ya-sakht
341,mastchoh-01,Мастчоҳ,Mastchoh,Sughd,B,layflat,,,"Қубури қатшавандаи риштадор дар ноҳияи Мастчоҳ: интихоб, насб ва пурсиш",mastchoh-umumi-layflat-lf-savol
342,mastchoh-02,Мастчоҳ,Mastchoh,Sughd,B,tape,пиёз,C,Оғози мавсим: омодасозии лентаи қатрагӣ барои пиёз дар ноҳияи Мастчоҳ,mastchoh-piyoz-lenta-oghoz
343,mastchoh-03,Мастчоҳ,Mastchoh,Sughd,B,tape,тарбуз,C,Нигоҳубини лентаи қатрагӣ дар мавсими тарбуз дар ноҳияи Мастчоҳ,mastchoh-tarbuz-lenta-nigohubini
344,mastchoh-04,Мастчоҳ,Mastchoh,Sughd,B,pipe,,,Қубури полиэтиленӣ барои обёрӣ дар ноҳияи Мастчоҳ: пурсиш ва интихоб,mastchoh-umumi-pe-qubur-pe-savol
345,mastchoh-05,Мастчоҳ,Mastchoh,Sughd,B,tape,харбуза,C,Насби лентаи обёрии қатрагӣ барои киштзори харбуза дар ноҳияи Мастчоҳ,mastchoh-kharbuza-lenta-nasb
346,mastchoh-06,Мастчоҳ,Mastchoh,Sughd,B,tape,бодиринг,C,Лентаи қатрагӣ ё обёрии ҷӯякӣ барои бодиринг дар ноҳияи Мастчоҳ?,mastchoh-bodiring-lenta-juyaki
347,mastchoh-07,Мастчоҳ,Mastchoh,Sughd,B,tape,пахта,B,Лентаи обёрии қатрагӣ барои пахта дар ноҳияи Мастчоҳ,mastchoh-pakhta-lenta-lenta-baroi
348,mastchoh-08,Мастчоҳ,Mastchoh,Sughd,B,tape,картошка,C,Фишори об ва филтр барои лентаи қатрагии картошка дар ноҳияи Мастчоҳ,mastchoh-kartoshka-lenta-fishor-filtr
349,mastchoh-09,Мастчоҳ,Mastchoh,Sughd,B,tape,карам,C,Харид ва пурсиши лентаи обёрии қатрагӣ барои карам дар ноҳияи Мастчоҳ,mastchoh-karam-lenta-xarid
350,mastchoh-10,Мастчоҳ,Mastchoh,Sughd,B,pipe,ҷуворимакка,C,Пайвастсозии қубури полиэтиленӣ ба хати обёрии ҷуворимакка дар ноҳияи Мастчоҳ,mastchoh-juvorimakka-pe-qubur-pe-payvast
351,mastchoh-11,Мастчоҳ,Mastchoh,Sughd,B,pipe,пахта,B,Қубури полиэтиленӣ барои обёрии пахта: нигоҳдорӣ ва истифода дар ноҳияи Мастчоҳ,mastchoh-pakhta-pe-qubur-pe-istifoda
352,mastchoh-12,Мастчоҳ,Mastchoh,Sughd,B,tape,помидор,C,Обёрии қатрагии помидор дар ноҳияи Мастчоҳ: чӣ гуна лента интихоб кунем?,mastchoh-pomidor-lenta-obyori-intikhob
353,mastchoh-13,Мастчоҳ,Mastchoh,Sughd,B,layflat,пиёз,C,Қубури қатшавандаи риштадор: интиқоли об аз канал ба киштзори пиёз дар ноҳияи Мастчоҳ,mastchoh-piyoz-layflat-lf-kanal
354,mastchoh-14,Мастчоҳ,Mastchoh,Sughd,B,layflat,помидор,C,Насби қубури қатшавандаи риштадор барои обёрии помидор дар ноҳияи Мастчоҳ,mastchoh-pomidor-layflat-lf-nasb
355,mastchoh-15,Мастчоҳ,Mastchoh,Sughd,B,tape,сабзӣ,C,Масофаи байни хатҳои лентаи қатрагӣ барои сабзӣ дар ноҳияи Мастчоҳ,mastchoh-sabzi-lenta-masofa
356,kulob-01,Кӯлоб,Kulob,Khatlon,B,tape,пиёз,C,Сарфаи об ҳангоми парвариши пиёз бо лентаи қатрагӣ дар шаҳри Кӯлоб,kulob-piyoz-lenta-sarfai-ob
357,kulob-02,Кӯлоб,Kulob,Khatlon,B,layflat,помидор,C,Қубури қатшавандаи риштадор барои обёрии помидор аз насос дар шаҳри Кӯлоб,kulob-pomidor-layflat-lf-nasos
358,kulob-03,Кӯлоб,Kulob,Khatlon,B,pipe,ҷуворимакка,C,Қубури полиэтиленӣ барои обёрии ҷуворимакка: нигоҳдорӣ ва истифода дар шаҳри Кӯлоб,kulob-juvorimakka-pe-qubur-pe-istifoda
359,kulob-04,Кӯлоб,Kulob,Khatlon,B,pipe,пахта,B,Интихоби диаметри қубури полиэтиленӣ барои обёрии пахта дар шаҳри Кӯлоб,kulob-pakhta-pe-qubur-pe-diametr
360,kulob-05,Кӯлоб,Kulob,Khatlon,B,tape,пахта,B,Кадом лентаи қатрагӣ ба обёрии пахта дар шаҳри Кӯлоб мувофиқ аст?,kulob-pakhta-lenta-muvofiq
361,kulob-06,Кӯлоб,Kulob,Khatlon,B,layflat,,,"Қубури қатшавандаи риштадор дар шаҳри Кӯлоб: интихоб, насб ва пурсиш",kulob-umumi-layflat-lf-savol
362,kulob-07,Кӯлоб,Kulob,Khatlon,B,tape,сабзӣ,C,Хатогиҳои маъмул ҳангоми насби лентаи қатрагӣ барои сабзӣ дар шаҳри Кӯлоб,kulob-sabzi-lenta-khatogi
363,kulob-08,Кӯлоб,Kulob,Khatlon,B,tape,бодиринг,C,Масофаи байни хатҳои лентаи қатрагӣ барои бодиринг дар шаҳри Кӯлоб,kulob-bodiring-lenta-masofa
364,kulob-09,Кӯлоб,Kulob,Khatlon,B,tape,помидор,C,Нигоҳубини лентаи қатрагӣ дар мавсими помидор дар шаҳри Кӯлоб,kulob-pomidor-lenta-nigohubini
365,kulob-10,Кӯлоб,Kulob,Khatlon,B,pipe,,,Қубури полиэтиленӣ барои обёрӣ дар шаҳри Кӯлоб: пурсиш ва интихоб,kulob-umumi-pe-qubur-pe-savol
366,kulob-11,Кӯлоб,Kulob,Khatlon,B,tape,харбуза,C,Лентаи обёрии қатрагӣ барои харбуза дар шаҳри Кӯлоб,kulob-kharbuza-lenta-lenta-baroi
367,kulob-12,Кӯлоб,Kulob,Khatlon,B,layflat,пиёз,C,Диаметр ва дарозии қубури қатшавандаи риштадор барои пиёз дар шаҳри Кӯлоб,kulob-piyoz-layflat-lf-diametr
368,kulob-13,Кӯлоб,Kulob,Khatlon,B,tape,карам,C,Харид ва пурсиши лентаи обёрии қатрагӣ барои карам дар шаҳри Кӯлоб,kulob-karam-lenta-xarid
369,kulob-14,Кӯлоб,Kulob,Khatlon,B,tape,картошка,C,Насби лентаи обёрии қатрагӣ барои киштзори картошка дар шаҳри Кӯлоб,kulob-kartoshka-lenta-nasb
370,kulob-15,Кӯлоб,Kulob,Khatlon,B,tape,тарбуз,C,Ҳисоби эҳтиёҷ ба лентаи қатрагӣ барои як гектар тарбуз дар шаҳри Кӯлоб,kulob-tarbuz-lenta-gektar
371,yovon-01,Ёвон,Yovon,Khatlon,B,tape,бодиринг,C,Ҳисоби эҳтиёҷ ба лентаи қатрагӣ барои як гектар бодиринг дар ноҳияи Ёвон,yovon-bodiring-lenta-gektar
372,yovon-02,Ёвон,Yovon,Khatlon,B,layflat,помидор,C,Диаметр ва дарозии қубури қатшавандаи риштадор барои помидор дар ноҳияи Ёвон,yovon-pomidor-layflat-lf-diametr
373,yovon-03,Ёвон,Yovon,Khatlon,B,tape,сабзӣ,C,Оғози мавсим: омодасозии лентаи қатрагӣ барои сабзӣ дар ноҳияи Ёвон,yovon-sabzi-lenta-oghoz
374,yovon-04,Ёвон,Yovon,Khatlon,B,tape,пахта,B,Хатогиҳои маъмул ҳангоми насби лентаи қатрагӣ барои пахта дар ноҳияи Ёвон,yovon-pakhta-lenta-khatogi
375,yovon-05,Ёвон,Yovon,Khatlon,B,tape,картошка,C,Кадом лентаи қатрагӣ ба обёрии картошка дар ноҳияи Ёвон мувофиқ аст?,yovon-kartoshka-lenta-muvofiq
376,yovon-06,Ёвон,Yovon,Khatlon,B,pipe,пахта,B,Дарозии хат ва фишори қубури полиэтиленӣ барои киштзори пахта дар ноҳияи Ёвон,yovon-pakhta-pe-qubur-pe-fishor
377,yovon-07,Ёвон,Yovon,Khatlon,B,layflat,,,"Қубури қатшавандаи риштадор дар ноҳияи Ёвон: интихоб, насб ва пурсиш",yovon-umumi-layflat-lf-savol
378,yovon-08,Ёвон,Yovon,Khatlon,B,pipe,ҷуворимакка,C,Қубури полиэтиленӣ ва лентаи қатрагӣ: маҷмааи обёрии ҷуворимакка дар ноҳияи Ёвон,yovon-juvorimakka-pe-qubur-pe-majmua
379,yovon-09,Ёвон,Yovon,Khatlon,B,tape,карам,C,Харид ва пурсиши лентаи обёрии қатрагӣ барои карам дар ноҳияи Ёвон,yovon-karam-lenta-xarid
380,yovon-10,Ёвон,Yovon,Khatlon,B,layflat,пиёз,C,Қубури қатшавандаи риштадор барои обрасонӣ ба киштзори пиёз дар ноҳияи Ёвон,yovon-piyoz-layflat-lf-baroi
381,yovon-11,Ёвон,Yovon,Khatlon,B,pipe,,,Қубури полиэтиленӣ барои обёрӣ дар ноҳияи Ёвон: пурсиш ва интихоб,yovon-umumi-pe-qubur-pe-savol
382,yovon-12,Ёвон,Yovon,Khatlon,B,tape,помидор,C,Лентаи обёрии қатрагӣ барои помидор дар ноҳияи Ёвон,yovon-pomidor-lenta-lenta-baroi
383,yovon-13,Ёвон,Yovon,Khatlon,B,tape,пиёз,C,Насби лентаи обёрии қатрагӣ барои киштзори пиёз дар ноҳияи Ёвон,yovon-piyoz-lenta-nasb
384,yovon-14,Ёвон,Yovon,Khatlon,B,tape,тарбуз,C,Фишори об ва филтр барои лентаи қатрагии тарбуз дар ноҳияи Ёвон,yovon-tarbuz-lenta-fishor-filtr
385,yovon-15,Ёвон,Yovon,Khatlon,B,tape,харбуза,C,Обёрии қатрагии харбуза дар ноҳияи Ёвон: чӣ гуна лента интихоб кунем?,yovon-kharbuza-lenta-obyori-intikhob
386,vakhsh-01,Вахш,Vakhsh,Khatlon,B,layflat,помидор,C,Нигоҳдории қубури қатшавандаи риштадор пас аз мавсими помидор дар ноҳияи Вахш,vakhsh-pomidor-layflat-lf-nigohdori
387,vakhsh-02,Вахш,Vakhsh,Khatlon,B,pipe,пахта,B,Қубури полиэтиленӣ барои обёрии пахта: нигоҳдорӣ ва истифода дар ноҳияи Вахш,vakhsh-pakhta-pe-qubur-pe-istifoda
388,vakhsh-03,Вахш,Vakhsh,Khatlon,B,tape,картошка,C,Кадом лентаи қатрагӣ ба обёрии картошка дар ноҳияи Вахш мувофиқ аст?,vakhsh-kartoshka-lenta-muvofiq
389,vakhsh-04,Вахш,Vakhsh,Khatlon,B,pipe,,,Қубури полиэтиленӣ барои обёрӣ дар ноҳияи Вахш: пурсиш ва интихоб,vakhsh-umumi-pe-qubur-pe-savol
390,vakhsh-05,Вахш,Vakhsh,Khatlon,B,pipe,ҷуворимакка,C,Қубури полиэтиленӣ ва лентаи қатрагӣ: маҷмааи обёрии ҷуворимакка дар ноҳияи Вахш,vakhsh-juvorimakka-pe-qubur-pe-majmua
391,vakhsh-06,Вахш,Vakhsh,Khatlon,B,tape,пахта,B,Сарфаи об ҳангоми парвариши пахта бо лентаи қатрагӣ дар ноҳияи Вахш,vakhsh-pakhta-lenta-sarfai-ob
392,vakhsh-07,Вахш,Vakhsh,Khatlon,B,tape,харбуза,C,Фишори об ва филтр барои лентаи қатрагии харбуза дар ноҳияи Вахш,vakhsh-kharbuza-lenta-fishor-filtr
393,vakhsh-08,Вахш,Vakhsh,Khatlon,B,tape,бодиринг,C,Масофаи байни хатҳои лентаи қатрагӣ барои бодиринг дар ноҳияи Вахш,vakhsh-bodiring-lenta-masofa
394,vakhsh-09,Вахш,Vakhsh,Khatlon,B,tape,помидор,C,Нигоҳубини лентаи қатрагӣ дар мавсими помидор дар ноҳияи Вахш,vakhsh-pomidor-lenta-nigohubini
395,vakhsh-10,Вахш,Vakhsh,Khatlon,B,layflat,пиёз,C,Қубури қатшавандаи риштадор барои обрасонӣ ба киштзори пиёз дар ноҳияи Вахш,vakhsh-piyoz-layflat-lf-baroi
396,vakhsh-11,Вахш,Vakhsh,Khatlon,B,tape,сабзӣ,C,Хатогиҳои маъмул ҳангоми насби лентаи қатрагӣ барои сабзӣ дар ноҳияи Вахш,vakhsh-sabzi-lenta-khatogi
397,vakhsh-12,Вахш,Vakhsh,Khatlon,B,tape,карам,C,Насби лентаи обёрии қатрагӣ барои киштзори карам дар ноҳияи Вахш,vakhsh-karam-lenta-nasb
398,vakhsh-13,Вахш,Vakhsh,Khatlon,B,layflat,,,"Қубури қатшавандаи риштадор дар ноҳияи Вахш: интихоб, насб ва пурсиш",vakhsh-umumi-layflat-lf-savol
399,vakhsh-14,Вахш,Vakhsh,Khatlon,B,tape,пиёз,C,Оғози мавсим: омодасозии лентаи қатрагӣ барои пиёз дар ноҳияи Вахш,vakhsh-piyoz-lenta-oghoz
400,vakhsh-15,Вахш,Vakhsh,Khatlon,B,tape,тарбуз,C,Харид ва пурсиши лентаи обёрии қатрагӣ барои тарбуз дар ноҳияи Вахш,vakhsh-tarbuz-lenta-xarid
401,vose-01,Восеъ,Vose,Khatlon,B,tape,картошка,C,Харид ва пурсиши лентаи обёрии қатрагӣ барои картошка дар ноҳияи Восеъ,vose-kartoshka-lenta-xarid
402,vose-02,Восеъ,Vose,Khatlon,B,pipe,,,Қубури полиэтиленӣ барои обёрӣ дар ноҳияи Восеъ: пурсиш ва интихоб,vose-umumi-pe-qubur-pe-savol
403,vose-03,Восеъ,Vose,Khatlon,B,tape,сабзӣ,C,Обёрии қатрагии сабзӣ дар ноҳияи Восеъ: чӣ гуна лента интихоб кунем?,vose-sabzi-lenta-obyori-intikhob
404,vose-04,Восеъ,Vose,Khatlon,B,tape,харбуза,C,Хатогиҳои маъмул ҳангоми насби лентаи қатрагӣ барои харбуза дар ноҳияи Восеъ,vose-kharbuza-lenta-khatogi
405,vose-05,Восеъ,Vose,Khatlon,B,layflat,,,"Қубури қатшавандаи риштадор дар ноҳияи Восеъ: интихоб, насб ва пурсиш",vose-umumi-layflat-lf-savol
406,vose-06,Восеъ,Vose,Khatlon,B,tape,карам,C,Оғози мавсим: омодасозии лентаи қатрагӣ барои карам дар ноҳияи Восеъ,vose-karam-lenta-oghoz
407,vose-07,Восеъ,Vose,Khatlon,B,layflat,пиёз,C,Қубури қатшавандаи риштадор барои обрасонӣ ба киштзори пиёз дар ноҳияи Восеъ,vose-piyoz-layflat-lf-baroi
408,vose-08,Восеъ,Vose,Khatlon,B,tape,бодиринг,C,Лентаи қатрагӣ ё обёрии ҷӯякӣ барои бодиринг дар ноҳияи Восеъ?,vose-bodiring-lenta-juyaki
409,vose-09,Восеъ,Vose,Khatlon,B,tape,тарбуз,C,Лентаи обёрии қатрагӣ барои тарбуз дар ноҳияи Восеъ,vose-tarbuz-lenta-lenta-baroi
410,vose-10,Восеъ,Vose,Khatlon,B,pipe,пахта,B,Интихоби диаметри қубури полиэтиленӣ барои обёрии пахта дар ноҳияи Восеъ,vose-pakhta-pe-qubur-pe-diametr
411,vose-11,Восеъ,Vose,Khatlon,B,tape,пиёз,C,Сарфаи об ҳангоми парвариши пиёз бо лентаи қатрагӣ дар ноҳияи Восеъ,vose-piyoz-lenta-sarfai-ob
412,vose-12,Восеъ,Vose,Khatlon,B,tape,пахта,B,Насби лентаи обёрии қатрагӣ барои киштзори пахта дар ноҳияи Восеъ,vose-pakhta-lenta-nasb
413,vose-13,Восеъ,Vose,Khatlon,B,pipe,ҷуворимакка,C,Пайвастсозии қубури полиэтиленӣ ба хати обёрии ҷуворимакка дар ноҳияи Восеъ,vose-juvorimakka-pe-qubur-pe-payvast
414,vose-14,Восеъ,Vose,Khatlon,B,tape,помидор,C,Нигоҳубини лентаи қатрагӣ дар мавсими помидор дар ноҳияи Восеъ,vose-pomidor-lenta-nigohubini
415,vose-15,Восеъ,Vose,Khatlon,B,layflat,помидор,C,Қубури қатшавандаи риштадор: интиқоли об аз канал ба киштзори помидор дар ноҳияи Восеъ,vose-pomidor-layflat-lf-kanal
416,jaloliddin-balkhi-01,Ҷалолиддин Балхӣ,Jaloliddin Balkhi,Khatlon,B,layflat,пиёз,C,Қубури қатшавандаи риштадор: интиқоли об аз канал ба киштзори пиёз дар ноҳияи Ҷалолиддин Балхӣ,jaloliddin-balkhi-piyoz-layflat-lf-kanal
417,jaloliddin-balkhi-02,Ҷалолиддин Балхӣ,Jaloliddin Balkhi,Khatlon,B,tape,помидор,C,Сарфаи об ҳангоми парвариши помидор бо лентаи қатрагӣ дар ноҳияи Ҷалолиддин Балхӣ,jaloliddin-balkhi-pomidor-lenta-sarfai-ob
418,jaloliddin-balkhi-03,Ҷалолиддин Балхӣ,Jaloliddin Balkhi,Khatlon,B,tape,харбуза,C,Насби лентаи обёрии қатрагӣ барои киштзори харбуза дар ноҳияи Ҷалолиддин Балхӣ,jaloliddin-balkhi-kharbuza-lenta-nasb
419,jaloliddin-balkhi-04,Ҷалолиддин Балхӣ,Jaloliddin Balkhi,Khatlon,B,tape,пиёз,C,Фишори об ва филтр барои лентаи қатрагии пиёз дар ноҳияи Ҷалолиддин Балхӣ,jaloliddin-balkhi-piyoz-lenta-fishor-filtr
420,jaloliddin-balkhi-05,Ҷалолиддин Балхӣ,Jaloliddin Balkhi,Khatlon,B,pipe,ҷуворимакка,C,Интихоби диаметри қубури полиэтиленӣ барои обёрии ҷуворимакка дар ноҳияи Ҷалолиддин Балхӣ,jaloliddin-balkhi-juvorimakka-pe-qubur-pe-diametr
421,jaloliddin-balkhi-06,Ҷалолиддин Балхӣ,Jaloliddin Balkhi,Khatlon,B,pipe,,,Қубури полиэтиленӣ барои обёрӣ дар ноҳияи Ҷалолиддин Балхӣ: пурсиш ва интихоб,jaloliddin-balkhi-umumi-pe-qubur-pe-savol
422,jaloliddin-balkhi-07,Ҷалолиддин Балхӣ,Jaloliddin Balkhi,Khatlon,B,layflat,,,"Қубури қатшавандаи риштадор дар ноҳияи Ҷалолиддин Балхӣ: интихоб, насб ва пурсиш",jaloliddin-balkhi-umumi-layflat-lf-savol
423,jaloliddin-balkhi-08,Ҷалолиддин Балхӣ,Jaloliddin Balkhi,Khatlon,B,tape,пахта,B,Обёрии қатрагии пахта дар ноҳияи Ҷалолиддин Балхӣ: чӣ гуна лента интихоб кунем?,jaloliddin-balkhi-pakhta-lenta-obyori-intikhob
424,jaloliddin-balkhi-09,Ҷалолиддин Балхӣ,Jaloliddin Balkhi,Khatlon,B,tape,тарбуз,C,Кадом лентаи қатрагӣ ба обёрии тарбуз дар ноҳияи Ҷалолиддин Балхӣ мувофиқ аст?,jaloliddin-balkhi-tarbuz-lenta-muvofiq
425,jaloliddin-balkhi-10,Ҷалолиддин Балхӣ,Jaloliddin Balkhi,Khatlon,B,pipe,пахта,B,Қубури полиэтиленӣ барои обёрии пахта: нигоҳдорӣ ва истифода дар ноҳияи Ҷалолиддин Балхӣ,jaloliddin-balkhi-pakhta-pe-qubur-pe-istifoda
426,jaloliddin-balkhi-11,Ҷалолиддин Балхӣ,Jaloliddin Balkhi,Khatlon,B,tape,карам,C,Оғози мавсим: омодасозии лентаи қатрагӣ барои карам дар ноҳияи Ҷалолиддин Балхӣ,jaloliddin-balkhi-karam-lenta-oghoz
427,jaloliddin-balkhi-12,Ҷалолиддин Балхӣ,Jaloliddin Balkhi,Khatlon,B,layflat,помидор,C,Диаметр ва дарозии қубури қатшавандаи риштадор барои помидор дар ноҳияи Ҷалолиддин Балхӣ,jaloliddin-balkhi-pomidor-layflat-lf-diametr
428,jaloliddin-balkhi-13,Ҷалолиддин Балхӣ,Jaloliddin Balkhi,Khatlon,B,tape,сабзӣ,C,Харид ва пурсиши лентаи обёрии қатрагӣ барои сабзӣ дар ноҳияи Ҷалолиддин Балхӣ,jaloliddin-balkhi-sabzi-lenta-xarid
429,jaloliddin-balkhi-14,Ҷалолиддин Балхӣ,Jaloliddin Balkhi,Khatlon,B,tape,картошка,C,Масофаи байни хатҳои лентаи қатрагӣ барои картошка дар ноҳияи Ҷалолиддин Балхӣ,jaloliddin-balkhi-kartoshka-lenta-masofa
430,jaloliddin-balkhi-15,Ҷалолиддин Балхӣ,Jaloliddin Balkhi,Khatlon,B,tape,бодиринг,C,Лентаи қатрагӣ ё обёрии ҷӯякӣ барои бодиринг дар ноҳияи Ҷалолиддин Балхӣ?,jaloliddin-balkhi-bodiring-lenta-juyaki
431,qubodiyon-01,Қубодиён,Qubodiyon,Khatlon,B,layflat,помидор,C,Насби қубури қатшавандаи риштадор барои обёрии помидор дар ноҳияи Қубодиён,qubodiyon-pomidor-layflat-lf-nasb
432,qubodiyon-02,Қубодиён,Qubodiyon,Khatlon,B,pipe,ҷуворимакка,C,Дарозии хат ва фишори қубури полиэтиленӣ барои киштзори ҷуворимакка дар ноҳияи Қубодиён,qubodiyon-juvorimakka-pe-qubur-pe-fishor
433,qubodiyon-03,Қубодиён,Qubodiyon,Khatlon,B,layflat,пиёз,C,Диаметр ва дарозии қубури қатшавандаи риштадор барои пиёз дар ноҳияи Қубодиён,qubodiyon-piyoz-layflat-lf-diametr
434,qubodiyon-04,Қубодиён,Qubodiyon,Khatlon,B,tape,карам,C,Насби лентаи обёрии қатрагӣ барои киштзори карам дар ноҳияи Қубодиён,qubodiyon-karam-lenta-nasb
435,qubodiyon-05,Қубодиён,Qubodiyon,Khatlon,B,pipe,,,Қубури полиэтиленӣ барои обёрӣ дар ноҳияи Қубодиён: пурсиш ва интихоб,qubodiyon-umumi-pe-qubur-pe-savol
436,qubodiyon-06,Қубодиён,Qubodiyon,Khatlon,B,tape,сабзӣ,C,Оғози мавсим: омодасозии лентаи қатрагӣ барои сабзӣ дар ноҳияи Қубодиён,qubodiyon-sabzi-lenta-oghoz
437,qubodiyon-07,Қубодиён,Qubodiyon,Khatlon,B,tape,картошка,C,Фишори об ва филтр барои лентаи қатрагии картошка дар ноҳияи Қубодиён,qubodiyon-kartoshka-lenta-fishor-filtr
438,qubodiyon-08,Қубодиён,Qubodiyon,Khatlon,B,tape,харбуза,C,Лентаи обёрии қатрагӣ барои харбуза дар ноҳияи Қубодиён,qubodiyon-kharbuza-lenta-lenta-baroi
439,qubodiyon-09,Қубодиён,Qubodiyon,Khatlon,B,layflat,,,"Қубури қатшавандаи риштадор дар ноҳияи Қубодиён: интихоб, насб ва пурсиш",qubodiyon-umumi-layflat-lf-savol
440,qubodiyon-10,Қубодиён,Qubodiyon,Khatlon,B,tape,пахта,B,Харид ва пурсиши лентаи обёрии қатрагӣ барои пахта дар ноҳияи Қубодиён,qubodiyon-pakhta-lenta-xarid
441,qubodiyon-11,Қубодиён,Qubodiyon,Khatlon,B,tape,бодиринг,C,Лентаи қатрагӣ ё обёрии ҷӯякӣ барои бодиринг дар ноҳияи Қубодиён?,qubodiyon-bodiring-lenta-juyaki
442,qubodiyon-12,Қубодиён,Qubodiyon,Khatlon,B,tape,тарбуз,C,Кадом лентаи қатрагӣ ба обёрии тарбуз дар ноҳияи Қубодиён мувофиқ аст?,qubodiyon-tarbuz-lenta-muvofiq
443,qubodiyon-13,Қубодиён,Qubodiyon,Khatlon,B,tape,помидор,C,Сарфаи об ҳангоми парвариши помидор бо лентаи қатрагӣ дар ноҳияи Қубодиён,qubodiyon-pomidor-lenta-sarfai-ob
444,qubodiyon-14,Қубодиён,Qubodiyon,Khatlon,B,tape,пиёз,C,Ҳисоби эҳтиёҷ ба лентаи қатрагӣ барои як гектар пиёз дар ноҳияи Қубодиён,qubodiyon-piyoz-lenta-gektar
445,qubodiyon-15,Қубодиён,Qubodiyon,Khatlon,B,pipe,пахта,B,Қубури полиэтиленӣ ва лентаи қатрагӣ: маҷмааи обёрии пахта дар ноҳияи Қубодиён,qubodiyon-pakhta-pe-qubur-pe-majmua
446,jomi-01,Абдураҳмони Ҷомӣ,Jomi,Khatlon,B,tape,пахта,B,Ҳисоби эҳтиёҷ ба лентаи қатрагӣ барои як гектар пахта дар ноҳияи Абдураҳмони Ҷомӣ,jomi-pakhta-lenta-gektar
447,jomi-02,Абдураҳмони Ҷомӣ,Jomi,Khatlon,B,layflat,помидор,C,Қубури қатшавандаи риштадор: интиқоли об аз канал ба киштзори помидор дар ноҳияи Абдураҳмони Ҷомӣ,jomi-pomidor-layflat-lf-kanal
448,jomi-03,Абдураҳмони Ҷомӣ,Jomi,Khatlon,B,tape,тарбуз,C,Обёрии қатрагии тарбуз дар ноҳияи Абдураҳмони Ҷомӣ: чӣ гуна лента интихоб кунем?,jomi-tarbuz-lenta-obyori-intikhob
449,jomi-04,Абдураҳмони Ҷомӣ,Jomi,Khatlon,B,tape,сабзӣ,C,Нигоҳубини лентаи қатрагӣ дар мавсими сабзӣ дар ноҳияи Абдураҳмони Ҷомӣ,jomi-sabzi-lenta-nigohubini
450,jomi-05,Абдураҳмони Ҷомӣ,Jomi,Khatlon,B,layflat,,,"Қубури қатшавандаи риштадор дар ноҳияи Абдураҳмони Ҷомӣ: интихоб, насб ва пурсиш",jomi-umumi-layflat-lf-savol
451,jomi-06,Абдураҳмони Ҷомӣ,Jomi,Khatlon,B,tape,бодиринг,C,Харид ва пурсиши лентаи обёрии қатрагӣ барои бодиринг дар ноҳияи Абдураҳмони Ҷомӣ,jomi-bodiring-lenta-xarid
452,jomi-07,Абдураҳмони Ҷомӣ,Jomi,Khatlon,B,tape,харбуза,C,Сарфаи об ҳангоми парвариши харбуза бо лентаи қатрагӣ дар ноҳияи Абдураҳмони Ҷомӣ,jomi-kharbuza-lenta-sarfai-ob
453,jomi-08,Абдураҳмони Ҷомӣ,Jomi,Khatlon,B,pipe,,,Қубури полиэтиленӣ барои обёрӣ дар ноҳияи Абдураҳмони Ҷомӣ: пурсиш ва интихоб,jomi-umumi-pe-qubur-pe-savol
454,jomi-09,Абдураҳмони Ҷомӣ,Jomi,Khatlon,B,pipe,пахта,B,Интихоби диаметри қубури полиэтиленӣ барои обёрии пахта дар ноҳияи Абдураҳмони Ҷомӣ,jomi-pakhta-pe-qubur-pe-diametr
455,jomi-10,Абдураҳмони Ҷомӣ,Jomi,Khatlon,B,tape,карам,C,Лентаи обёрии қатрагӣ барои карам дар ноҳияи Абдураҳмони Ҷомӣ,jomi-karam-lenta-lenta-baroi
456,jomi-11,Абдураҳмони Ҷомӣ,Jomi,Khatlon,B,tape,пиёз,C,Кадом лентаи қатрагӣ ба обёрии пиёз дар ноҳияи Абдураҳмони Ҷомӣ мувофиқ аст?,jomi-piyoz-lenta-muvofiq
457,jomi-12,Абдураҳмони Ҷомӣ,Jomi,Khatlon,B,tape,картошка,C,Масофаи байни хатҳои лентаи қатрагӣ барои картошка дар ноҳияи Абдураҳмони Ҷомӣ,jomi-kartoshka-lenta-masofa
458,jomi-13,Абдураҳмони Ҷомӣ,Jomi,Khatlon,B,tape,помидор,C,Насби лентаи обёрии қатрагӣ барои киштзори помидор дар ноҳияи Абдураҳмони Ҷомӣ,jomi-pomidor-lenta-nasb
459,jomi-14,Абдураҳмони Ҷомӣ,Jomi,Khatlon,B,layflat,пиёз,C,Қубури қатшавандаи риштадор барои обрасонӣ ба киштзори пиёз дар ноҳияи Абдураҳмони Ҷомӣ,jomi-piyoz-layflat-lf-baroi
460,jomi-15,Абдураҳмони Ҷомӣ,Jomi,Khatlon,B,pipe,ҷуворимакка,C,Пайвастсозии қубури полиэтиленӣ ба хати обёрии ҷуворимакка дар ноҳияи Абдураҳмони Ҷомӣ,jomi-juvorimakka-pe-qubur-pe-payvast
461,danghara-01,Данғара,Danghara,Khatlon,B,layflat,помидор,C,Диаметр ва дарозии қубури қатшавандаи риштадор барои помидор дар ноҳияи Данғара,danghara-pomidor-layflat-lf-diametr
462,danghara-02,Данғара,Danghara,Khatlon,B,tape,карам,C,Харид ва пурсиши лентаи обёрии қатрагӣ барои карам дар ноҳияи Данғара,danghara-karam-lenta-xarid
463,danghara-03,Данғара,Danghara,Khatlon,B,layflat,пиёз,C,Қубури қатшавандаи риштадор: интиқоли об аз канал ба киштзори пиёз дар ноҳияи Данғара,danghara-piyoz-layflat-lf-kanal
464,danghara-04,Данғара,Danghara,Khatlon,B,pipe,пахта,B,Дарозии хат ва фишори қубури полиэтиленӣ барои киштзори пахта дар ноҳияи Данғара,danghara-pakhta-pe-qubur-pe-fishor
465,danghara-05,Данғара,Danghara,Khatlon,B,tape,харбуза,C,Насби лентаи обёрии қатрагӣ барои киштзори харбуза дар ноҳияи Данғара,danghara-kharbuza-lenta-nasb
466,danghara-06,Данғара,Danghara,Khatlon,B,tape,бодиринг,C,Ҳисоби эҳтиёҷ ба лентаи қатрагӣ барои як гектар бодиринг дар ноҳияи Данғара,danghara-bodiring-lenta-gektar
467,danghara-07,Данғара,Danghara,Khatlon,B,pipe,ҷуворимакка,C,Пайвастсозии қубури полиэтиленӣ ба хати обёрии ҷуворимакка дар ноҳияи Данғара,danghara-juvorimakka-pe-qubur-pe-payvast
468,danghara-08,Данғара,Danghara,Khatlon,B,tape,пахта,B,Нигоҳубини лентаи қатрагӣ дар мавсими пахта дар ноҳияи Данғара,danghara-pakhta-lenta-nigohubini
469,danghara-09,Данғара,Danghara,Khatlon,B,tape,помидор,C,Хатогиҳои маъмул ҳангоми насби лентаи қатрагӣ барои помидор дар ноҳияи Данғара,danghara-pomidor-lenta-khatogi
470,danghara-10,Данғара,Danghara,Khatlon,B,layflat,,,"Қубури қатшавандаи риштадор дар ноҳияи Данғара: интихоб, насб ва пурсиш",danghara-umumi-layflat-lf-savol
471,danghara-11,Данғара,Danghara,Khatlon,B,tape,пиёз,C,Обёрии қатрагии пиёз дар ноҳияи Данғара: чӣ гуна лента интихоб кунем?,danghara-piyoz-lenta-obyori-intikhob
472,danghara-12,Данғара,Danghara,Khatlon,B,tape,сабзӣ,C,Сарфаи об ҳангоми парвариши сабзӣ бо лентаи қатрагӣ дар ноҳияи Данғара,danghara-sabzi-lenta-sarfai-ob
473,danghara-13,Данғара,Danghara,Khatlon,B,tape,картошка,C,Лентаи обёрии қатрагӣ барои картошка дар ноҳияи Данғара,danghara-kartoshka-lenta-lenta-baroi
474,danghara-14,Данғара,Danghara,Khatlon,B,tape,тарбуз,C,Кадом лентаи қатрагӣ ба обёрии тарбуз дар ноҳияи Данғара мувофиқ аст?,danghara-tarbuz-lenta-muvofiq
475,danghara-15,Данғара,Danghara,Khatlon,B,pipe,,,Қубури полиэтиленӣ барои обёрӣ дар ноҳияи Данғара: пурсиш ва интихоб,danghara-umumi-pe-qubur-pe-savol
476,farkhor-01,Фархор,Farkhor,Khatlon,B,layflat,помидор,C,Диаметр ва дарозии қубури қатшавандаи риштадор барои помидор дар ноҳияи Фархор,farkhor-pomidor-layflat-lf-diametr
477,farkhor-02,Фархор,Farkhor,Khatlon,B,tape,бодиринг,C,Сарфаи об ҳангоми парвариши бодиринг бо лентаи қатрагӣ дар ноҳияи Фархор,farkhor-bodiring-lenta-sarfai-ob
478,farkhor-03,Фархор,Farkhor,Khatlon,B,tape,картошка,C,Оғози мавсим: омодасозии лентаи қатрагӣ барои картошка дар ноҳияи Фархор,farkhor-kartoshka-lenta-oghoz
479,farkhor-04,Фархор,Farkhor,Khatlon,B,tape,карам,C,Харид ва пурсиши лентаи обёрии қатрагӣ барои карам дар ноҳияи Фархор,farkhor-karam-lenta-xarid
480,farkhor-05,Фархор,Farkhor,Khatlon,B,tape,пахта,B,Лентаи обёрии қатрагӣ барои пахта дар ноҳияи Фархор,farkhor-pakhta-lenta-lenta-baroi
481,farkhor-06,Фархор,Farkhor,Khatlon,B,tape,тарбуз,C,Ҳисоби эҳтиёҷ ба лентаи қатрагӣ барои як гектар тарбуз дар ноҳияи Фархор,farkhor-tarbuz-lenta-gektar
482,farkhor-07,Фархор,Farkhor,Khatlon,B,layflat,пиёз,C,Насби қубури қатшавандаи риштадор барои обёрии пиёз дар ноҳияи Фархор,farkhor-piyoz-layflat-lf-nasb
483,farkhor-08,Фархор,Farkhor,Khatlon,B,tape,сабзӣ,C,Масофаи байни хатҳои лентаи қатрагӣ барои сабзӣ дар ноҳияи Фархор,farkhor-sabzi-lenta-masofa
484,farkhor-09,Фархор,Farkhor,Khatlon,B,pipe,ҷуворимакка,C,Қубури полиэтиленӣ ва лентаи қатрагӣ: маҷмааи обёрии ҷуворимакка дар ноҳияи Фархор,farkhor-juvorimakka-pe-qubur-pe-majmua
485,farkhor-10,Фархор,Farkhor,Khatlon,B,tape,пиёз,C,Нигоҳубини лентаи қатрагӣ дар мавсими пиёз дар ноҳияи Фархор,farkhor-piyoz-lenta-nigohubini
486,farkhor-11,Фархор,Farkhor,Khatlon,B,tape,харбуза,C,Обёрии қатрагии харбуза дар ноҳияи Фархор: чӣ гуна лента интихоб кунем?,farkhor-kharbuza-lenta-obyori-intikhob
487,farkhor-12,Фархор,Farkhor,Khatlon,B,pipe,пахта,B,Қубури полиэтиленӣ барои обрасонӣ ба киштзори пахта дар ноҳияи Фархор,farkhor-pakhta-pe-qubur-pe-baroi
488,farkhor-13,Фархор,Farkhor,Khatlon,B,pipe,,,Қубури полиэтиленӣ барои обёрӣ дар ноҳияи Фархор: пурсиш ва интихоб,farkhor-umumi-pe-qubur-pe-savol
489,farkhor-14,Фархор,Farkhor,Khatlon,B,layflat,,,"Қубури қатшавандаи риштадор дар ноҳияи Фархор: интихоб, насб ва пурсиш",farkhor-umumi-layflat-lf-savol
490,farkhor-15,Фархор,Farkhor,Khatlon,B,tape,помидор,C,Насби лентаи обёрии қатрагӣ барои киштзори помидор дар ноҳияи Фархор,farkhor-pomidor-lenta-nasb
491,hamadoni-01,Ҳамадонӣ,Hamadoni,Khatlon,B,tape,харбуза,C,Лентаи қатрагӣ ё обёрии ҷӯякӣ барои харбуза дар ноҳияи Ҳамадонӣ?,hamadoni-kharbuza-lenta-juyaki
492,hamadoni-02,Ҳамадонӣ,Hamadoni,Khatlon,B,pipe,пахта,B,Қубури полиэтиленӣ барои обёрии пахта: нигоҳдорӣ ва истифода дар ноҳияи Ҳамадонӣ,hamadoni-pakhta-pe-qubur-pe-istifoda
493,hamadoni-03,Ҳамадонӣ,Hamadoni,Khatlon,B,tape,пахта,B,Лентаи обёрии қатрагӣ барои пахта дар ноҳияи Ҳамадонӣ,hamadoni-pakhta-lenta-lenta-baroi
494,hamadoni-04,Ҳамадонӣ,Hamadoni,Khatlon,B,tape,бодиринг,C,Обёрии қатрагии бодиринг дар ноҳияи Ҳамадонӣ: чӣ гуна лента интихоб кунем?,hamadoni-bodiring-lenta-obyori-intikhob
495,hamadoni-05,Ҳамадонӣ,Hamadoni,Khatlon,B,tape,сабзӣ,C,Оғози мавсим: омодасозии лентаи қатрагӣ барои сабзӣ дар ноҳияи Ҳамадонӣ,hamadoni-sabzi-lenta-oghoz
496,hamadoni-06,Ҳамадонӣ,Hamadoni,Khatlon,B,tape,карам,C,Харид ва пурсиши лентаи обёрии қатрагӣ барои карам дар ноҳияи Ҳамадонӣ,hamadoni-karam-lenta-xarid
497,hamadoni-07,Ҳамадонӣ,Hamadoni,Khatlon,B,layflat,пиёз,C,Қубури қатшавандаи риштадор барои обрасонӣ ба киштзори пиёз дар ноҳияи Ҳамадонӣ,hamadoni-piyoz-layflat-lf-baroi
498,hamadoni-08,Ҳамадонӣ,Hamadoni,Khatlon,B,tape,тарбуз,C,Насби лентаи обёрии қатрагӣ барои киштзори тарбуз дар ноҳияи Ҳамадонӣ,hamadoni-tarbuz-lenta-nasb
499,hamadoni-09,Ҳамадонӣ,Hamadoni,Khatlon,B,layflat,,,"Қубури қатшавандаи риштадор дар ноҳияи Ҳамадонӣ: интихоб, насб ва пурсиш",hamadoni-umumi-layflat-lf-savol
500,hamadoni-10,Ҳамадонӣ,Hamadoni,Khatlon,B,tape,пиёз,C,Фишори об ва филтр барои лентаи қатрагии пиёз дар ноҳияи Ҳамадонӣ,hamadoni-piyoz-lenta-fishor-filtr
501,hamadoni-11,Ҳамадонӣ,Hamadoni,Khatlon,B,tape,картошка,C,Нигоҳубини лентаи қатрагӣ дар мавсими картошка дар ноҳияи Ҳамадонӣ,hamadoni-kartoshka-lenta-nigohubini
502,hamadoni-12,Ҳамадонӣ,Hamadoni,Khatlon,B,layflat,помидор,C,Қубури қатшавандаи риштадор: интиқоли об аз канал ба киштзори помидор дар ноҳияи Ҳамадонӣ,hamadoni-pomidor-layflat-lf-kanal
503,hamadoni-13,Ҳамадонӣ,Hamadoni,Khatlon,B,tape,помидор,C,Хатогиҳои маъмул ҳангоми насби лентаи қатрагӣ барои помидор дар ноҳияи Ҳамадонӣ,hamadoni-pomidor-lenta-khatogi
504,hamadoni-14,Ҳамадонӣ,Hamadoni,Khatlon,B,pipe,,,Қубури полиэтиленӣ барои обёрӣ дар ноҳияи Ҳамадонӣ: пурсиш ва интихоб,hamadoni-umumi-pe-qubur-pe-savol
505,hamadoni-15,Ҳамадонӣ,Hamadoni,Khatlon,B,pipe,ҷуворимакка,C,Пайвастсозии қубури полиэтиленӣ ба хати обёрии ҷуворимакка дар ноҳияи Ҳамадонӣ,hamadoni-juvorimakka-pe-qubur-pe-payvast
506,jayhun-01,Ҷайҳун,Jayhun,Khatlon,B,tape,картошка,C,Лентаи обёрии қатрагӣ барои картошка дар ноҳияи Ҷайҳун,jayhun-kartoshka-lenta-lenta-baroi
507,jayhun-02,Ҷайҳун,Jayhun,Khatlon,B,layflat,помидор,C,Қубури қатшавандаи риштадор: интиқоли об аз канал ба киштзори помидор дар ноҳияи Ҷайҳун,jayhun-pomidor-layflat-lf-kanal
508,jayhun-03,Ҷайҳун,Jayhun,Khatlon,B,layflat,пиёз,C,Қубури қатшавандаи риштадор барои обрасонӣ ба киштзори пиёз дар ноҳияи Ҷайҳун,jayhun-piyoz-layflat-lf-baroi
509,jayhun-04,Ҷайҳун,Jayhun,Khatlon,B,tape,сабзӣ,C,Хатогиҳои маъмул ҳангоми насби лентаи қатрагӣ барои сабзӣ дар ноҳияи Ҷайҳун,jayhun-sabzi-lenta-khatogi
510,jayhun-05,Ҷайҳун,Jayhun,Khatlon,B,pipe,ҷуворимакка,C,Пайвастсозии қубури полиэтиленӣ ба хати обёрии ҷуворимакка дар ноҳияи Ҷайҳун,jayhun-juvorimakka-pe-qubur-pe-payvast
511,jayhun-06,Ҷайҳун,Jayhun,Khatlon,B,pipe,пахта,B,Дарозии хат ва фишори қубури полиэтиленӣ барои киштзори пахта дар ноҳияи Ҷайҳун,jayhun-pakhta-pe-qubur-pe-fishor
512,jayhun-07,Ҷайҳун,Jayhun,Khatlon,B,tape,карам,C,Масофаи байни хатҳои лентаи қатрагӣ барои карам дар ноҳияи Ҷайҳун,jayhun-karam-lenta-masofa
513,jayhun-08,Ҷайҳун,Jayhun,Khatlon,B,tape,пахта,B,Сарфаи об ҳангоми парвариши пахта бо лентаи қатрагӣ дар ноҳияи Ҷайҳун,jayhun-pakhta-lenta-sarfai-ob
514,jayhun-09,Ҷайҳун,Jayhun,Khatlon,B,layflat,,,"Қубури қатшавандаи риштадор дар ноҳияи Ҷайҳун: интихоб, насб ва пурсиш",jayhun-umumi-layflat-lf-savol
515,jayhun-10,Ҷайҳун,Jayhun,Khatlon,B,tape,тарбуз,C,Фишори об ва филтр барои лентаи қатрагии тарбуз дар ноҳияи Ҷайҳун,jayhun-tarbuz-lenta-fishor-filtr
516,jayhun-11,Ҷайҳун,Jayhun,Khatlon,B,tape,помидор,C,Харид ва пурсиши лентаи обёрии қатрагӣ барои помидор дар ноҳияи Ҷайҳун,jayhun-pomidor-lenta-xarid
517,jayhun-12,Ҷайҳун,Jayhun,Khatlon,B,tape,харбуза,C,Насби лентаи обёрии қатрагӣ барои киштзори харбуза дар ноҳияи Ҷайҳун,jayhun-kharbuza-lenta-nasb
518,jayhun-13,Ҷайҳун,Jayhun,Khatlon,B,pipe,,,Қубури полиэтиленӣ барои обёрӣ дар ноҳияи Ҷайҳун: пурсиш ва интихоб,jayhun-umumi-pe-qubur-pe-savol
519,jayhun-14,Ҷайҳун,Jayhun,Khatlon,B,tape,пиёз,C,Лентаи қатрагӣ ё обёрии ҷӯякӣ барои пиёз дар ноҳияи Ҷайҳун?,jayhun-piyoz-lenta-juyaki
520,jayhun-15,Ҷайҳун,Jayhun,Khatlon,B,tape,бодиринг,C,Обёрии қатрагии бодиринг дар ноҳияи Ҷайҳун: чӣ гуна лента интихоб кунем?,jayhun-bodiring-lenta-obyori-intikhob
521,shahritus-01,Шаҳритус,Shahritus,Khatlon,B,pipe,ҷуворимакка,C,Пайвастсозии қубури полиэтиленӣ ба хати обёрии ҷуворимакка дар ноҳияи Шаҳритус,shahritus-juvorimakka-pe-qubur-pe-payvast
522,shahritus-02,Шаҳритус,Shahritus,Khatlon,B,layflat,пиёз,C,Қубури қатшавандаи риштадор барои обрасонӣ ба киштзори пиёз дар ноҳияи Шаҳритус,shahritus-piyoz-layflat-lf-baroi
523,shahritus-03,Шаҳритус,Shahritus,Khatlon,B,pipe,пахта,B,Интихоби диаметри қубури полиэтиленӣ барои обёрии пахта дар ноҳияи Шаҳритус,shahritus-pakhta-pe-qubur-pe-diametr
524,shahritus-04,Шаҳритус,Shahritus,Khatlon,B,tape,карам,C,Оғози мавсим: омодасозии лентаи қатрагӣ барои карам дар ноҳияи Шаҳритус,shahritus-karam-lenta-oghoz
525,shahritus-05,Шаҳритус,Shahritus,Khatlon,B,tape,тарбуз,C,Кадом лентаи қатрагӣ ба обёрии тарбуз дар ноҳияи Шаҳритус мувофиқ аст?,shahritus-tarbuz-lenta-muvofiq
526,shahritus-06,Шаҳритус,Shahritus,Khatlon,B,tape,харбуза,C,Ҳисоби эҳтиёҷ ба лентаи қатрагӣ барои як гектар харбуза дар ноҳияи Шаҳритус,shahritus-kharbuza-lenta-gektar
527,shahritus-07,Шаҳритус,Shahritus,Khatlon,B,layflat,помидор,C,Қубури қатшавандаи риштадор барои обёрии помидор аз насос дар ноҳияи Шаҳритус,shahritus-pomidor-layflat-lf-nasos
528,shahritus-08,Шаҳритус,Shahritus,Khatlon,B,tape,картошка,C,Хатогиҳои маъмул ҳангоми насби лентаи қатрагӣ барои картошка дар ноҳияи Шаҳритус,shahritus-kartoshka-lenta-khatogi
529,shahritus-09,Шаҳритус,Shahritus,Khatlon,B,layflat,,,"Қубури қатшавандаи риштадор дар ноҳияи Шаҳритус: интихоб, насб ва пурсиш",shahritus-umumi-layflat-lf-savol
530,shahritus-10,Шаҳритус,Shahritus,Khatlon,B,tape,бодиринг,C,Масофаи байни хатҳои лентаи қатрагӣ барои бодиринг дар ноҳияи Шаҳритус,shahritus-bodiring-lenta-masofa
531,shahritus-11,Шаҳритус,Shahritus,Khatlon,B,tape,помидор,C,Харид ва пурсиши лентаи обёрии қатрагӣ барои помидор дар ноҳияи Шаҳритус,shahritus-pomidor-lenta-xarid
532,shahritus-12,Шаҳритус,Shahritus,Khatlon,B,tape,пахта,B,Лентаи обёрии қатрагӣ барои пахта дар ноҳияи Шаҳритус,shahritus-pakhta-lenta-lenta-baroi
533,shahritus-13,Шаҳритус,Shahritus,Khatlon,B,tape,сабзӣ,C,Насби лентаи обёрии қатрагӣ барои киштзори сабзӣ дар ноҳияи Шаҳритус,shahritus-sabzi-lenta-nasb
534,shahritus-14,Шаҳритус,Shahritus,Khatlon,B,tape,пиёз,C,Обёрии қатрагии пиёз дар ноҳияи Шаҳритус: чӣ гуна лента интихоб кунем?,shahritus-piyoz-lenta-obyori-intikhob
535,shahritus-15,Шаҳритус,Shahritus,Khatlon,B,pipe,,,Қубури полиэтиленӣ барои обёрӣ дар ноҳияи Шаҳритус: пурсиш ва интихоб,shahritus-umumi-pe-qubur-pe-savol
536,bokhtar-01,Бохтар,Bokhtar,Khatlon,B,tape,картошка,C,Лентаи қатрагӣ ё обёрии ҷӯякӣ барои картошка дар шаҳри Бохтар?,bokhtar-kartoshka-lenta-juyaki
537,bokhtar-02,Бохтар,Bokhtar,Khatlon,B,tape,помидор,C,Лентаи обёрии қатрагӣ барои помидор дар шаҳри Бохтар,bokhtar-pomidor-lenta-lenta-baroi
538,bokhtar-03,Бохтар,Bokhtar,Khatlon,B,layflat,,,"Қубури қатшавандаи риштадор дар шаҳри Бохтар: интихоб, насб ва пурсиш",bokhtar-umumi-layflat-lf-savol
539,bokhtar-04,Бохтар,Bokhtar,Khatlon,B,tape,пиёз,C,Масофаи байни хатҳои лентаи қатрагӣ барои пиёз дар шаҳри Бохтар,bokhtar-piyoz-lenta-masofa
540,bokhtar-05,Бохтар,Bokhtar,Khatlon,B,pipe,ҷуворимакка,C,Қубури полиэтиленӣ ва лентаи қатрагӣ: маҷмааи обёрии ҷуворимакка дар шаҳри Бохтар,bokhtar-juvorimakka-pe-qubur-pe-majmua
541,bokhtar-06,Бохтар,Bokhtar,Khatlon,B,tape,карам,C,Обёрии қатрагии карам дар шаҳри Бохтар: чӣ гуна лента интихоб кунем?,bokhtar-karam-lenta-obyori-intikhob
542,bokhtar-07,Бохтар,Bokhtar,Khatlon,B,pipe,пахта,B,Интихоби диаметри қубури полиэтиленӣ барои обёрии пахта дар шаҳри Бохтар,bokhtar-pakhta-pe-qubur-pe-diametr
543,bokhtar-08,Бохтар,Bokhtar,Khatlon,B,tape,сабзӣ,C,Ҳисоби эҳтиёҷ ба лентаи қатрагӣ барои як гектар сабзӣ дар шаҳри Бохтар,bokhtar-sabzi-lenta-gektar
544,bokhtar-09,Бохтар,Bokhtar,Khatlon,B,layflat,пиёз,C,Диаметр ва дарозии қубури қатшавандаи риштадор барои пиёз дар шаҳри Бохтар,bokhtar-piyoz-layflat-lf-diametr
545,bokhtar-10,Бохтар,Bokhtar,Khatlon,B,tape,бодиринг,C,Кадом лентаи қатрагӣ ба обёрии бодиринг дар шаҳри Бохтар мувофиқ аст?,bokhtar-bodiring-lenta-muvofiq
546,bokhtar-11,Бохтар,Bokhtar,Khatlon,B,layflat,помидор,C,Нигоҳдории қубури қатшавандаи риштадор пас аз мавсими помидор дар шаҳри Бохтар,bokhtar-pomidor-layflat-lf-nigohdori
547,bokhtar-12,Бохтар,Bokhtar,Khatlon,B,pipe,,,Қубури полиэтиленӣ барои обёрӣ дар шаҳри Бохтар: пурсиш ва интихоб,bokhtar-umumi-pe-qubur-pe-savol
548,bokhtar-13,Бохтар,Bokhtar,Khatlon,B,tape,харбуза,C,Нигоҳубини лентаи қатрагӣ дар мавсими харбуза дар шаҳри Бохтар,bokhtar-kharbuza-lenta-nigohubini
549,bokhtar-14,Бохтар,Bokhtar,Khatlon,B,tape,пахта,B,Харид ва пурсиши лентаи обёрии қатрагӣ барои пахта дар шаҳри Бохтар,bokhtar-pakhta-lenta-xarid
550,bokhtar-15,Бохтар,Bokhtar,Khatlon,B,tape,тарбуз,C,Сарфаи об ҳангоми парвариши тарбуз бо лентаи қатрагӣ дар шаҳри Бохтар,bokhtar-tarbuz-lenta-sarfai-ob
551,shahrinav-01,Шаҳринав,Shahrinav,Districts of Republican Subordination,B,tape,тарбуз,C,Лентаи обёрии қатрагӣ барои тарбуз дар ноҳияи Шаҳринав,shahrinav-tarbuz-lenta-lenta-baroi
552,shahrinav-02,Шаҳринав,Shahrinav,Districts of Republican Subordination,B,pipe,,,Қубури полиэтиленӣ барои обёрӣ дар ноҳияи Шаҳринав: пурсиш ва интихоб,shahrinav-umumi-pe-qubur-pe-savol
553,shahrinav-03,Шаҳринав,Shahrinav,Districts of Republican Subordination,B,layflat,пиёз,C,Қубури қатшавандаи риштадор барои обёрии пиёз аз насос дар ноҳияи Шаҳринав,shahrinav-piyoz-layflat-lf-nasos
554,shahrinav-04,Шаҳринав,Shahrinav,Districts of Republican Subordination,B,layflat,,,"Қубури қатшавандаи риштадор дар ноҳияи Шаҳринав: интихоб, насб ва пурсиш",shahrinav-umumi-layflat-lf-savol
555,shahrinav-05,Шаҳринав,Shahrinav,Districts of Republican Subordination,B,tape,карам,C,Нигоҳубини лентаи қатрагӣ дар мавсими карам дар ноҳияи Шаҳринав,shahrinav-karam-lenta-nigohubini
556,shahrinav-06,Шаҳринав,Shahrinav,Districts of Republican Subordination,B,pipe,ҷуворимакка,C,Қубури полиэтиленӣ барои обёрии ҷуворимакка: нигоҳдорӣ ва истифода дар ноҳияи Шаҳринав,shahrinav-juvorimakka-pe-qubur-pe-istifoda
557,shahrinav-07,Шаҳринав,Shahrinav,Districts of Republican Subordination,B,layflat,помидор,C,Қубури қатшавандаи риштадор ё қубури сахт барои помидор дар ноҳияи Шаҳринав?,shahrinav-pomidor-layflat-lf-ya-sakht
558,shahrinav-08,Шаҳринав,Shahrinav,Districts of Republican Subordination,B,tape,пахта,B,Ҳисоби эҳтиёҷ ба лентаи қатрагӣ барои як гектар пахта дар ноҳияи Шаҳринав,shahrinav-pakhta-lenta-gektar
559,shahrinav-09,Шаҳринав,Shahrinav,Districts of Republican Subordination,B,tape,пиёз,C,Фишори об ва филтр барои лентаи қатрагии пиёз дар ноҳияи Шаҳринав,shahrinav-piyoz-lenta-fishor-filtr
560,shahrinav-10,Шаҳринав,Shahrinav,Districts of Republican Subordination,B,tape,картошка,C,Оғози мавсим: омодасозии лентаи қатрагӣ барои картошка дар ноҳияи Шаҳринав,shahrinav-kartoshka-lenta-oghoz
561,shahrinav-11,Шаҳринав,Shahrinav,Districts of Republican Subordination,B,tape,харбуза,C,Сарфаи об ҳангоми парвариши харбуза бо лентаи қатрагӣ дар ноҳияи Шаҳринав,shahrinav-kharbuza-lenta-sarfai-ob
562,shahrinav-12,Шаҳринав,Shahrinav,Districts of Republican Subordination,B,tape,помидор,C,Хатогиҳои маъмул ҳангоми насби лентаи қатрагӣ барои помидор дар ноҳияи Шаҳринав,shahrinav-pomidor-lenta-khatogi
563,shahrinav-13,Шаҳринав,Shahrinav,Districts of Republican Subordination,B,tape,бодиринг,C,Кадом лентаи қатрагӣ ба обёрии бодиринг дар ноҳияи Шаҳринав мувофиқ аст?,shahrinav-bodiring-lenta-muvofiq
564,shahrinav-14,Шаҳринав,Shahrinav,Districts of Republican Subordination,B,tape,сабзӣ,C,Обёрии қатрагии сабзӣ дар ноҳияи Шаҳринав: чӣ гуна лента интихоб кунем?,shahrinav-sabzi-lenta-obyori-intikhob
565,shahrinav-15,Шаҳринав,Shahrinav,Districts of Republican Subordination,B,pipe,пахта,B,Қубури полиэтиленӣ ва лентаи қатрагӣ: маҷмааи обёрии пахта дар ноҳияи Шаҳринав,shahrinav-pakhta-pe-qubur-pe-majmua
566,rasht-01,Рашт,Rasht,Districts of Republican Subordination,B,tape,картошка,C,Нигоҳубини лентаи қатрагӣ дар мавсими картошка дар ноҳияи Рашт,rasht-kartoshka-lenta-nigohubini
567,rasht-02,Рашт,Rasht,Districts of Republican Subordination,B,pipe,карам,C,Дарозии хат ва фишори қубури полиэтиленӣ барои киштзори карам дар ноҳияи Рашт,rasht-karam-pe-qubur-pe-fishor
568,rasht-03,Рашт,Rasht,Districts of Republican Subordination,B,tape,картошка,C,Обёрии қатрагии картошка дар ноҳияи Рашт: чӣ гуна лента интихоб кунем?,rasht-kartoshka-lenta-obyori-intikhob
569,rasht-04,Рашт,Rasht,Districts of Republican Subordination,B,tape,карам,C,Насби лентаи обёрии қатрагӣ барои киштзори карам дар ноҳияи Рашт,rasht-karam-lenta-nasb
570,rasht-05,Рашт,Rasht,Districts of Republican Subordination,B,tape,пиёз,C,Ҳисоби эҳтиёҷ ба лентаи қатрагӣ барои як гектар пиёз дар ноҳияи Рашт,rasht-piyoz-lenta-gektar
571,rasht-06,Рашт,Rasht,Districts of Republican Subordination,B,layflat,,,"Қубури қатшавандаи риштадор дар ноҳияи Рашт: интихоб, насб ва пурсиш",rasht-umumi-layflat-lf-savol
572,rasht-07,Рашт,Rasht,Districts of Republican Subordination,B,layflat,помидор,C,Диаметр ва дарозии қубури қатшавандаи риштадор барои помидор дар ноҳияи Рашт,rasht-pomidor-layflat-lf-diametr
573,rasht-08,Рашт,Rasht,Districts of Republican Subordination,B,tape,сабзӣ,C,Лентаи обёрии қатрагӣ барои сабзӣ дар ноҳияи Рашт,rasht-sabzi-lenta-lenta-baroi
574,rasht-09,Рашт,Rasht,Districts of Republican Subordination,B,tape,помидор,C,Лентаи қатрагӣ ё обёрии ҷӯякӣ барои помидор дар ноҳияи Рашт?,rasht-pomidor-lenta-juyaki
575,rasht-10,Рашт,Rasht,Districts of Republican Subordination,B,tape,бодиринг,C,Сарфаи об ҳангоми парвариши бодиринг бо лентаи қатрагӣ дар ноҳияи Рашт,rasht-bodiring-lenta-sarfai-ob
576,rasht-11,Рашт,Rasht,Districts of Republican Subordination,B,pipe,,,Қубури полиэтиленӣ барои обёрӣ дар ноҳияи Рашт: пурсиш ва интихоб,rasht-umumi-pe-qubur-pe-savol
577,rasht-12,Рашт,Rasht,Districts of Republican Subordination,B,tape,,,Лентаи обёрии қатрагӣ дар ноҳияи Рашт: саволу ҷавоби деҳқонон,rasht-umumi-lenta-savol-javob
578,rasht-13,Рашт,Rasht,Districts of Republican Subordination,B,pipe,сабзӣ,C,Қубури полиэтиленӣ барои обрасонӣ ба киштзори сабзӣ дар ноҳияи Рашт,rasht-sabzi-pe-qubur-pe-baroi
579,rasht-14,Рашт,Rasht,Districts of Republican Subordination,B,layflat,бодиринг,C,Нигоҳдории қубури қатшавандаи риштадор пас аз мавсими бодиринг дар ноҳияи Рашт,rasht-bodiring-layflat-lf-nigohdori
580,rasht-15,Рашт,Rasht,Districts of Republican Subordination,B,tape,пиёз,C,Хатогиҳои маъмул ҳангоми насби лентаи қатрагӣ барои пиёз дар ноҳияи Рашт,rasht-piyoz-lenta-khatogi
581,zafarobod-01,Зафаробод,Zafarobod,Sughd,C,layflat,сабзӣ,C,Нигоҳдории қубури қатшавандаи риштадор пас аз мавсими сабзӣ дар ноҳияи Зафаробод,zafarobod-sabzi-layflat-lf-nigohdori
582,zafarobod-02,Зафаробод,Zafarobod,Sughd,C,pipe,бодиринг,C,Дарозии хат ва фишори қубури полиэтиленӣ барои киштзори бодиринг дар ноҳияи Зафаробод,zafarobod-bodiring-pe-qubur-pe-fishor
583,zafarobod-03,Зафаробод,Zafarobod,Sughd,C,tape,картошка,C,Обёрии қатрагии картошка дар ноҳияи Зафаробод: чӣ гуна лента интихоб кунем?,zafarobod-kartoshka-lenta-obyori-intikhob
584,zafarobod-04,Зафаробод,Zafarobod,Sughd,C,layflat,харбуза,C,Қубури қатшавандаи риштадор ё қубури сахт барои харбуза дар ноҳияи Зафаробод?,zafarobod-kharbuza-layflat-lf-ya-sakht
585,zafarobod-05,Зафаробод,Zafarobod,Sughd,C,tape,пахта,B,Нигоҳубини лентаи қатрагӣ дар мавсими пахта дар ноҳияи Зафаробод,zafarobod-pakhta-lenta-nigohubini
586,zafarobod-06,Зафаробод,Zafarobod,Sughd,C,pipe,тарбуз,C,Қубури полиэтиленӣ ва лентаи қатрагӣ: маҷмааи обёрии тарбуз дар ноҳияи Зафаробод,zafarobod-tarbuz-pe-qubur-pe-majmua
587,zafarobod-07,Зафаробод,Zafarobod,Sughd,C,tape,пиёз,C,Хатогиҳои маъмул ҳангоми насби лентаи қатрагӣ барои пиёз дар ноҳияи Зафаробод,zafarobod-piyoz-lenta-khatogi
588,zafarobod-08,Зафаробод,Zafarobod,Sughd,C,tape,помидор,C,Масофаи байни хатҳои лентаи қатрагӣ барои помидор дар ноҳияи Зафаробод,zafarobod-pomidor-lenta-masofa
589,guliston-01,Гулистон,Guliston,Sughd,C,pipe,бодиринг,C,Қубури полиэтиленӣ барои обёрии бодиринг: нигоҳдорӣ ва истифода дар шаҳри Гулистон,guliston-bodiring-pe-qubur-pe-istifoda
590,guliston-02,Гулистон,Guliston,Sughd,C,layflat,харбуза,C,Нигоҳдории қубури қатшавандаи риштадор пас аз мавсими харбуза дар шаҳри Гулистон,guliston-kharbuza-layflat-lf-nigohdori
591,guliston-03,Гулистон,Guliston,Sughd,C,tape,помидор,C,Хатогиҳои маъмул ҳангоми насби лентаи қатрагӣ барои помидор дар шаҳри Гулистон,guliston-pomidor-lenta-khatogi
592,guliston-04,Гулистон,Guliston,Sughd,C,pipe,тарбуз,C,Қубури полиэтиленӣ барои обрасонӣ ба киштзори тарбуз дар шаҳри Гулистон,guliston-tarbuz-pe-qubur-pe-baroi
593,guliston-05,Гулистон,Guliston,Sughd,C,tape,картошка,C,Лентаи обёрии қатрагӣ барои картошка дар шаҳри Гулистон,guliston-kartoshka-lenta-lenta-baroi
594,guliston-06,Гулистон,Guliston,Sughd,C,tape,пахта,B,Насби лентаи обёрии қатрагӣ барои киштзори пахта дар шаҳри Гулистон,guliston-pakhta-lenta-nasb
595,guliston-07,Гулистон,Guliston,Sughd,C,layflat,сабзӣ,C,Насби қубури қатшавандаи риштадор барои обёрии сабзӣ дар шаҳри Гулистон,guliston-sabzi-layflat-lf-nasb
596,guliston-08,Гулистон,Guliston,Sughd,C,tape,пиёз,C,Обёрии қатрагии пиёз дар шаҳри Гулистон: чӣ гуна лента интихоб кунем?,guliston-piyoz-lenta-obyori-intikhob
597,ayni-01,Айнӣ,Ayni,Sughd,C,layflat,картошка,C,Қубури қатшавандаи риштадор барои обёрии картошка аз насос дар ноҳияи Айнӣ,ayni-kartoshka-layflat-lf-nasos
598,ayni-02,Айнӣ,Ayni,Sughd,C,pipe,бодиринг,C,Қубури полиэтиленӣ ва лентаи қатрагӣ: маҷмааи обёрии бодиринг дар ноҳияи Айнӣ,ayni-bodiring-pe-qubur-pe-majmua
599,ayni-03,Айнӣ,Ayni,Sughd,C,layflat,,,"Қубури қатшавандаи риштадор дар ноҳияи Айнӣ: интихоб, насб ва пурсиш",ayni-umumi-layflat-lf-savol
600,ayni-04,Айнӣ,Ayni,Sughd,C,tape,карам,C,Оғози мавсим: омодасозии лентаи қатрагӣ барои карам дар ноҳияи Айнӣ,ayni-karam-lenta-oghoz
601,ayni-05,Айнӣ,Ayni,Sughd,C,tape,картошка,C,Обёрии қатрагии картошка дар ноҳияи Айнӣ: чӣ гуна лента интихоб кунем?,ayni-kartoshka-lenta-obyori-intikhob
602,ayni-06,Айнӣ,Ayni,Sughd,C,tape,сабзӣ,C,Нигоҳубини лентаи қатрагӣ дар мавсими сабзӣ дар ноҳияи Айнӣ,ayni-sabzi-lenta-nigohubini
603,ayni-07,Айнӣ,Ayni,Sughd,C,pipe,помидор,C,Интихоби диаметри қубури полиэтиленӣ барои обёрии помидор дар ноҳияи Айнӣ,ayni-pomidor-pe-qubur-pe-diametr
604,ayni-08,Айнӣ,Ayni,Sughd,C,tape,пиёз,C,Сарфаи об ҳангоми парвариши пиёз бо лентаи қатрагӣ дар ноҳияи Айнӣ,ayni-piyoz-lenta-sarfai-ob
605,dusti-01,Дӯстӣ,Dusti,Khatlon,C,pipe,бодиринг,C,Қубури полиэтиленӣ барои обрасонӣ ба киштзори бодиринг дар ноҳияи Дӯстӣ,dusti-bodiring-pe-qubur-pe-baroi
606,dusti-02,Дӯстӣ,Dusti,Khatlon,C,pipe,харбуза,C,Қубури полиэтиленӣ барои обёрии харбуза: нигоҳдорӣ ва истифода дар ноҳияи Дӯстӣ,dusti-kharbuza-pe-qubur-pe-istifoda
607,dusti-03,Дӯстӣ,Dusti,Khatlon,C,layflat,картошка,C,Қубури қатшавандаи риштадор: интиқоли об аз канал ба киштзори картошка дар ноҳияи Дӯстӣ,dusti-kartoshka-layflat-lf-kanal
608,dusti-04,Дӯстӣ,Dusti,Khatlon,C,layflat,сабзӣ,C,Нигоҳдории қубури қатшавандаи риштадор пас аз мавсими сабзӣ дар ноҳияи Дӯстӣ,dusti-sabzi-layflat-lf-nigohdori
609,dusti-05,Дӯстӣ,Dusti,Khatlon,C,tape,пиёз,C,Хатогиҳои маъмул ҳангоми насби лентаи қатрагӣ барои пиёз дар ноҳияи Дӯстӣ,dusti-piyoz-lenta-khatogi
610,dusti-06,Дӯстӣ,Dusti,Khatlon,C,tape,пахта,B,Ҳисоби эҳтиёҷ ба лентаи қатрагӣ барои як гектар пахта дар ноҳияи Дӯстӣ,dusti-pakhta-lenta-gektar
611,dusti-07,Дӯстӣ,Dusti,Khatlon,C,tape,помидор,C,Масофаи байни хатҳои лентаи қатрагӣ барои помидор дар ноҳияи Дӯстӣ,dusti-pomidor-lenta-masofa
612,dusti-08,Дӯстӣ,Dusti,Khatlon,C,tape,тарбуз,C,Оғози мавсим: омодасозии лентаи қатрагӣ барои тарбуз дар ноҳияи Дӯстӣ,dusti-tarbuz-lenta-oghoz
613,khuroson-01,Хуросон,Khuroson,Khatlon,C,pipe,харбуза,C,Пайвастсозии қубури полиэтиленӣ ба хати обёрии харбуза дар ноҳияи Хуросон,khuroson-kharbuza-pe-qubur-pe-payvast
614,khuroson-02,Хуросон,Khuroson,Khatlon,C,tape,пахта,B,Кадом лентаи қатрагӣ ба обёрии пахта дар ноҳияи Хуросон мувофиқ аст?,khuroson-pakhta-lenta-muvofiq
615,khuroson-03,Хуросон,Khuroson,Khatlon,C,layflat,картошка,C,Насби қубури қатшавандаи риштадор барои обёрии картошка дар ноҳияи Хуросон,khuroson-kartoshka-layflat-lf-nasb
616,khuroson-04,Хуросон,Khuroson,Khatlon,C,pipe,бодиринг,C,Интихоби диаметри қубури полиэтиленӣ барои обёрии бодиринг дар ноҳияи Хуросон,khuroson-bodiring-pe-qubur-pe-diametr
617,khuroson-05,Хуросон,Khuroson,Khatlon,C,tape,тарбуз,C,Лентаи обёрии қатрагӣ барои тарбуз дар ноҳияи Хуросон,khuroson-tarbuz-lenta-lenta-baroi
618,khuroson-06,Хуросон,Khuroson,Khatlon,C,tape,помидор,C,Лентаи қатрагӣ ё обёрии ҷӯякӣ барои помидор дар ноҳияи Хуросон?,khuroson-pomidor-lenta-juyaki
619,khuroson-07,Хуросон,Khuroson,Khatlon,C,tape,пиёз,C,Масофаи байни хатҳои лентаи қатрагӣ барои пиёз дар ноҳияи Хуросон,khuroson-piyoz-lenta-masofa
620,khuroson-08,Хуросон,Khuroson,Khatlon,C,layflat,сабзӣ,C,Қубури қатшавандаи риштадор барои обёрии сабзӣ аз насос дар ноҳияи Хуросон,khuroson-sabzi-layflat-lf-nasos
621,panj-01,Панҷ,Panj,Khatlon,C,layflat,картошка,C,Қубури қатшавандаи риштадор барои обёрии картошка аз насос дар ноҳияи Панҷ,panj-kartoshka-layflat-lf-nasos
622,panj-02,Панҷ,Panj,Khatlon,C,tape,пахта,B,Кадом лентаи қатрагӣ ба обёрии пахта дар ноҳияи Панҷ мувофиқ аст?,panj-pakhta-lenta-muvofiq
623,panj-03,Панҷ,Panj,Khatlon,C,pipe,харбуза,C,Қубури полиэтиленӣ барои обёрии харбуза: нигоҳдорӣ ва истифода дар ноҳияи Панҷ,panj-kharbuza-pe-qubur-pe-istifoda
624,panj-04,Панҷ,Panj,Khatlon,C,tape,тарбуз,C,Масофаи байни хатҳои лентаи қатрагӣ барои тарбуз дар ноҳияи Панҷ,panj-tarbuz-lenta-masofa
625,panj-05,Панҷ,Panj,Khatlon,C,pipe,бодиринг,C,Қубури полиэтиленӣ барои обрасонӣ ба киштзори бодиринг дар ноҳияи Панҷ,panj-bodiring-pe-qubur-pe-baroi
626,panj-06,Панҷ,Panj,Khatlon,C,tape,пиёз,C,Лентаи обёрии қатрагӣ барои пиёз дар ноҳияи Панҷ,panj-piyoz-lenta-lenta-baroi
627,panj-07,Панҷ,Panj,Khatlon,C,layflat,сабзӣ,C,Диаметр ва дарозии қубури қатшавандаи риштадор барои сабзӣ дар ноҳияи Панҷ,panj-sabzi-layflat-lf-diametr
628,panj-08,Панҷ,Panj,Khatlon,C,tape,помидор,C,Харид ва пурсиши лентаи обёрии қатрагӣ барои помидор дар ноҳияи Панҷ,panj-pomidor-lenta-xarid
629,temurmalik-01,Темурмалик,Temurmalik,Khatlon,C,pipe,помидор,C,Қубури полиэтиленӣ барои обёрии помидор: нигоҳдорӣ ва истифода дар ноҳияи Темурмалик,temurmalik-pomidor-pe-qubur-pe-istifoda
630,temurmalik-02,Темурмалик,Temurmalik,Khatlon,C,tape,картошка,C,Насби лентаи обёрии қатрагӣ барои киштзори картошка дар ноҳияи Темурмалик,temurmalik-kartoshka-lenta-nasb
631,temurmalik-03,Темурмалик,Temurmalik,Khatlon,C,pipe,бодиринг,C,Интихоби диаметри қубури полиэтиленӣ барои обёрии бодиринг дар ноҳияи Темурмалик,temurmalik-bodiring-pe-qubur-pe-diametr
632,temurmalik-04,Темурмалик,Temurmalik,Khatlon,C,tape,карам,C,Нигоҳубини лентаи қатрагӣ дар мавсими карам дар ноҳияи Темурмалик,temurmalik-karam-lenta-nigohubini
633,temurmalik-05,Темурмалик,Temurmalik,Khatlon,C,tape,сабзӣ,C,Обёрии қатрагии сабзӣ дар ноҳияи Темурмалик: чӣ гуна лента интихоб кунем?,temurmalik-sabzi-lenta-obyori-intikhob
634,temurmalik-06,Темурмалик,Temurmalik,Khatlon,C,layflat,картошка,C,Нигоҳдории қубури қатшавандаи риштадор пас аз мавсими картошка дар ноҳияи Темурмалик,temurmalik-kartoshka-layflat-lf-nigohdori
635,temurmalik-07,Темурмалик,Temurmalik,Khatlon,C,layflat,,,"Қубури қатшавандаи риштадор дар ноҳияи Темурмалик: интихоб, насб ва пурсиш",temurmalik-umumi-layflat-lf-savol
636,temurmalik-08,Темурмалик,Temurmalik,Khatlon,C,tape,пиёз,C,Кадом лентаи қатрагӣ ба обёрии пиёз дар ноҳияи Темурмалик мувофиқ аст?,temurmalik-piyoz-lenta-muvofiq
637,muminobod-01,Мӯъминобод,Mu'minobod,Khatlon,C,tape,пиёз,C,Харид ва пурсиши лентаи обёрии қатрагӣ барои пиёз дар ноҳияи Мӯъминобод,muminobod-piyoz-lenta-xarid
638,muminobod-02,Мӯъминобод,Mu'minobod,Khatlon,C,tape,карам,C,Кадом лентаи қатрагӣ ба обёрии карам дар ноҳияи Мӯъминобод мувофиқ аст?,muminobod-karam-lenta-muvofiq
639,muminobod-03,Мӯъминобод,Mu'minobod,Khatlon,C,layflat,картошка,C,Қубури қатшавандаи риштадор барои обрасонӣ ба киштзори картошка дар ноҳияи Мӯъминобод,muminobod-kartoshka-layflat-lf-baroi
640,muminobod-04,Мӯъминобод,Mu'minobod,Khatlon,C,tape,картошка,C,Фишори об ва филтр барои лентаи қатрагии картошка дар ноҳияи Мӯъминобод,muminobod-kartoshka-lenta-fishor-filtr
641,muminobod-05,Мӯъминобод,Mu'minobod,Khatlon,C,tape,сабзӣ,C,Нигоҳубини лентаи қатрагӣ дар мавсими сабзӣ дар ноҳияи Мӯъминобод,muminobod-sabzi-lenta-nigohubini
642,muminobod-06,Мӯъминобод,Mu'minobod,Khatlon,C,pipe,бодиринг,C,Қубури полиэтиленӣ барои обёрии бодиринг: нигоҳдорӣ ва истифода дар ноҳияи Мӯъминобод,muminobod-bodiring-pe-qubur-pe-istifoda
643,muminobod-07,Мӯъминобод,Mu'minobod,Khatlon,C,layflat,,,"Қубури қатшавандаи риштадор дар ноҳияи Мӯъминобод: интихоб, насб ва пурсиш",muminobod-umumi-layflat-lf-savol
644,muminobod-08,Мӯъминобод,Mu'minobod,Khatlon,C,pipe,помидор,C,Интихоби диаметри қубури полиэтиленӣ барои обёрии помидор дар ноҳияи Мӯъминобод,muminobod-pomidor-pe-qubur-pe-diametr
645,levakant-01,Левакант,Levakant,Khatlon,C,tape,пахта,B,Фишори об ва филтр барои лентаи қатрагии пахта дар шаҳри Левакант,levakant-pakhta-lenta-fishor-filtr
646,levakant-02,Левакант,Levakant,Khatlon,C,layflat,сабзӣ,C,Диаметр ва дарозии қубури қатшавандаи риштадор барои сабзӣ дар шаҳри Левакант,levakant-sabzi-layflat-lf-diametr
647,levakant-03,Левакант,Levakant,Khatlon,C,pipe,харбуза,C,Интихоби диаметри қубури полиэтиленӣ барои обёрии харбуза дар шаҳри Левакант,levakant-kharbuza-pe-qubur-pe-diametr
648,levakant-04,Левакант,Levakant,Khatlon,C,layflat,картошка,C,Қубури қатшавандаи риштадор барои обёрии картошка аз насос дар шаҳри Левакант,levakant-kartoshka-layflat-lf-nasos
649,levakant-05,Левакант,Levakant,Khatlon,C,tape,помидор,C,Лентаи қатрагӣ ё обёрии ҷӯякӣ барои помидор дар шаҳри Левакант?,levakant-pomidor-lenta-juyaki
650,levakant-06,Левакант,Levakant,Khatlon,C,tape,тарбуз,C,Харид ва пурсиши лентаи обёрии қатрагӣ барои тарбуз дар шаҳри Левакант,levakant-tarbuz-lenta-xarid
651,levakant-07,Левакант,Levakant,Khatlon,C,pipe,бодиринг,C,Қубури полиэтиленӣ барои обрасонӣ ба киштзори бодиринг дар шаҳри Левакант,levakant-bodiring-pe-qubur-pe-baroi
652,levakant-08,Левакант,Levakant,Khatlon,C,tape,пиёз,C,Насби лентаи обёрии қатрагӣ барои киштзори пиёз дар шаҳри Левакант,levakant-piyoz-lenta-nasb
653,khovaling-01,Ховалинг,Khovaling,Khatlon,C,pipe,бодиринг,C,Пайвастсозии қубури полиэтиленӣ ба хати обёрии бодиринг дар ноҳияи Ховалинг,khovaling-bodiring-pe-qubur-pe-payvast
654,khovaling-02,Ховалинг,Khovaling,Khatlon,C,layflat,картошка,C,Нигоҳдории қубури қатшавандаи риштадор пас аз мавсими картошка дар ноҳияи Ховалинг,khovaling-kartoshka-layflat-lf-nigohdori
655,khovaling-03,Ховалинг,Khovaling,Khatlon,C,tape,картошка,C,Кадом лентаи қатрагӣ ба обёрии картошка дар ноҳияи Ховалинг мувофиқ аст?,khovaling-kartoshka-lenta-muvofiq
656,khovaling-04,Ховалинг,Khovaling,Khatlon,C,pipe,помидор,C,Дарозии хат ва фишори қубури полиэтиленӣ барои киштзори помидор дар ноҳияи Ховалинг,khovaling-pomidor-pe-qubur-pe-fishor
657,khovaling-05,Ховалинг,Khovaling,Khatlon,C,tape,сабзӣ,C,Масофаи байни хатҳои лентаи қатрагӣ барои сабзӣ дар ноҳияи Ховалинг,khovaling-sabzi-lenta-masofa
658,khovaling-06,Ховалинг,Khovaling,Khatlon,C,tape,карам,C,Харид ва пурсиши лентаи обёрии қатрагӣ барои карам дар ноҳияи Ховалинг,khovaling-karam-lenta-xarid
659,khovaling-07,Ховалинг,Khovaling,Khatlon,C,tape,пиёз,C,Обёрии қатрагии пиёз дар ноҳияи Ховалинг: чӣ гуна лента интихоб кунем?,khovaling-piyoz-lenta-obyori-intikhob
660,khovaling-08,Ховалинг,Khovaling,Khatlon,C,layflat,,,"Қубури қатшавандаи риштадор дар ноҳияи Ховалинг: интихоб, насб ва пурсиш",khovaling-umumi-layflat-lf-savol
661,shamsiddin-shohin-01,Шамсиддин Шоҳин,Shamsiddin Shohin,Khatlon,C,pipe,бодиринг,C,Хати асосии қубури полиэтиленӣ барои обёрии қатрагии бодиринг дар ноҳияи Шамсиддин Шоҳин,shamsiddin-shohin-bodiring-pe-qubur-pe-khati-asosi
662,shamsiddin-shohin-02,Шамсиддин Шоҳин,Shamsiddin Shohin,Khatlon,C,tape,сабзӣ,C,Лентаи қатрагӣ ё обёрии ҷӯякӣ барои сабзӣ дар ноҳияи Шамсиддин Шоҳин?,shamsiddin-shohin-sabzi-lenta-juyaki
663,shamsiddin-shohin-03,Шамсиддин Шоҳин,Shamsiddin Shohin,Khatlon,C,pipe,помидор,C,Дарозии хат ва фишори қубури полиэтиленӣ барои киштзори помидор дар ноҳияи Шамсиддин Шоҳин,shamsiddin-shohin-pomidor-pe-qubur-pe-fishor
664,shamsiddin-shohin-04,Шамсиддин Шоҳин,Shamsiddin Shohin,Khatlon,C,layflat,,,"Қубури қатшавандаи риштадор дар ноҳияи Шамсиддин Шоҳин: интихоб, насб ва пурсиш",shamsiddin-shohin-umumi-layflat-lf-savol
665,shamsiddin-shohin-05,Шамсиддин Шоҳин,Shamsiddin Shohin,Khatlon,C,tape,карам,C,Масофаи байни хатҳои лентаи қатрагӣ барои карам дар ноҳияи Шамсиддин Шоҳин,shamsiddin-shohin-karam-lenta-masofa
666,shamsiddin-shohin-06,Шамсиддин Шоҳин,Shamsiddin Shohin,Khatlon,C,tape,пиёз,C,Кадом лентаи қатрагӣ ба обёрии пиёз дар ноҳияи Шамсиддин Шоҳин мувофиқ аст?,shamsiddin-shohin-piyoz-lenta-muvofiq
667,shamsiddin-shohin-07,Шамсиддин Шоҳин,Shamsiddin Shohin,Khatlon,C,layflat,картошка,C,Диаметр ва дарозии қубури қатшавандаи риштадор барои картошка дар ноҳияи Шамсиддин Шоҳин,shamsiddin-shohin-kartoshka-layflat-lf-diametr
668,shamsiddin-shohin-08,Шамсиддин Шоҳин,Shamsiddin Shohin,Khatlon,C,tape,картошка,C,Оғози мавсим: омодасозии лентаи қатрагӣ барои картошка дар ноҳияи Шамсиддин Шоҳин,shamsiddin-shohin-kartoshka-lenta-oghoz
669,norak-01,Норак,Norak,Khatlon,C,pipe,бодиринг,C,Қубури полиэтиленӣ барои обрасонӣ ба киштзори бодиринг дар шаҳри Норак,norak-bodiring-pe-qubur-pe-baroi
670,norak-02,Норак,Norak,Khatlon,C,layflat,картошка,C,Нигоҳдории қубури қатшавандаи риштадор пас аз мавсими картошка дар шаҳри Норак,norak-kartoshka-layflat-lf-nigohdori
671,norak-03,Норак,Norak,Khatlon,C,pipe,помидор,C,Қубури полиэтиленӣ барои обёрии помидор: нигоҳдорӣ ва истифода дар шаҳри Норак,norak-pomidor-pe-qubur-pe-istifoda
672,norak-04,Норак,Norak,Khatlon,C,tape,пиёз,C,Ҳисоби эҳтиёҷ ба лентаи қатрагӣ барои як гектар пиёз дар шаҳри Норак,norak-piyoz-lenta-gektar
673,norak-05,Норак,Norak,Khatlon,C,tape,карам,C,Хатогиҳои маъмул ҳангоми насби лентаи қатрагӣ барои карам дар шаҳри Норак,norak-karam-lenta-khatogi
674,norak-06,Норак,Norak,Khatlon,C,layflat,,,"Қубури қатшавандаи риштадор дар шаҳри Норак: интихоб, насб ва пурсиш",norak-umumi-layflat-lf-savol
675,norak-07,Норак,Norak,Khatlon,C,tape,картошка,C,Оғози мавсим: омодасозии лентаи қатрагӣ барои картошка дар шаҳри Норак,norak-kartoshka-lenta-oghoz
676,norak-08,Норак,Norak,Khatlon,C,tape,сабзӣ,C,Обёрии қатрагии сабзӣ дар шаҳри Норак: чӣ гуна лента интихоб кунем?,norak-sabzi-lenta-obyori-intikhob
677,varzob-01,Варзоб,Varzob,Districts of Republican Subordination,C,pipe,бодиринг,C,Интихоби диаметри қубури полиэтиленӣ барои обёрии бодиринг дар ноҳияи Варзоб,varzob-bodiring-pe-qubur-pe-diametr
678,varzob-02,Варзоб,Varzob,Districts of Republican Subordination,C,tape,сабзӣ,C,Насби лентаи обёрии қатрагӣ барои киштзори сабзӣ дар ноҳияи Варзоб,varzob-sabzi-lenta-nasb
679,varzob-03,Варзоб,Varzob,Districts of Republican Subordination,C,tape,пиёз,C,Оғози мавсим: омодасозии лентаи қатрагӣ барои пиёз дар ноҳияи Варзоб,varzob-piyoz-lenta-oghoz
680,varzob-04,Варзоб,Varzob,Districts of Republican Subordination,C,layflat,,,"Қубури қатшавандаи риштадор дар ноҳияи Варзоб: интихоб, насб ва пурсиш",varzob-umumi-layflat-lf-savol
681,varzob-05,Варзоб,Varzob,Districts of Republican Subordination,C,pipe,помидор,C,Қубури полиэтиленӣ барои обрасонӣ ба киштзори помидор дар ноҳияи Варзоб,varzob-pomidor-pe-qubur-pe-baroi
682,varzob-06,Варзоб,Varzob,Districts of Republican Subordination,C,tape,картошка,C,Ҳисоби эҳтиёҷ ба лентаи қатрагӣ барои як гектар картошка дар ноҳияи Варзоб,varzob-kartoshka-lenta-gektar
683,varzob-07,Варзоб,Varzob,Districts of Republican Subordination,C,tape,карам,C,Фишори об ва филтр барои лентаи қатрагии карам дар ноҳияи Варзоб,varzob-karam-lenta-fishor-filtr
684,varzob-08,Варзоб,Varzob,Districts of Republican Subordination,C,layflat,картошка,C,Қубури қатшавандаи риштадор ё қубури сахт барои картошка дар ноҳияи Варзоб?,varzob-kartoshka-layflat-lf-ya-sakht
685,fayzobod-01,Файзобод,Fayzobod,Districts of Republican Subordination,C,layflat,,,"Қубури қатшавандаи риштадор дар ноҳияи Файзобод: интихоб, насб ва пурсиш",fayzobod-umumi-layflat-lf-savol
686,fayzobod-02,Файзобод,Fayzobod,Districts of Republican Subordination,C,tape,сабзӣ,C,Насби лентаи обёрии қатрагӣ барои киштзори сабзӣ дар ноҳияи Файзобод,fayzobod-sabzi-lenta-nasb
687,fayzobod-03,Файзобод,Fayzobod,Districts of Republican Subordination,C,layflat,картошка,C,Насби қубури қатшавандаи риштадор барои обёрии картошка дар ноҳияи Файзобод,fayzobod-kartoshka-layflat-lf-nasb
688,fayzobod-04,Файзобод,Fayzobod,Districts of Republican Subordination,C,tape,карам,C,Харид ва пурсиши лентаи обёрии қатрагӣ барои карам дар ноҳияи Файзобод,fayzobod-karam-lenta-xarid
689,fayzobod-05,Файзобод,Fayzobod,Districts of Republican Subordination,C,tape,картошка,C,Сарфаи об ҳангоми парвариши картошка бо лентаи қатрагӣ дар ноҳияи Файзобод,fayzobod-kartoshka-lenta-sarfai-ob
690,fayzobod-06,Файзобод,Fayzobod,Districts of Republican Subordination,C,pipe,бодиринг,C,Пайвастсозии қубури полиэтиленӣ ба хати обёрии бодиринг дар ноҳияи Файзобод,fayzobod-bodiring-pe-qubur-pe-payvast
691,fayzobod-07,Файзобод,Fayzobod,Districts of Republican Subordination,C,pipe,помидор,C,Қубури полиэтиленӣ ва лентаи қатрагӣ: маҷмааи обёрии помидор дар ноҳияи Файзобод,fayzobod-pomidor-pe-qubur-pe-majmua
692,fayzobod-08,Файзобод,Fayzobod,Districts of Republican Subordination,C,tape,пиёз,C,Нигоҳубини лентаи қатрагӣ дар мавсими пиёз дар ноҳияи Файзобод,fayzobod-piyoz-lenta-nigohubini
693,lakhsh-01,Лахш,Lakhsh,Districts of Republican Subordination,C,tape,картошка,C,Кадом лентаи қатрагӣ ба обёрии картошка дар ноҳияи Лахш мувофиқ аст?,lakhsh-kartoshka-lenta-muvofiq
694,lakhsh-02,Лахш,Lakhsh,Districts of Republican Subordination,C,tape,пиёз,C,Оғози мавсим: омодасозии лентаи қатрагӣ барои пиёз дар ноҳияи Лахш,lakhsh-piyoz-lenta-oghoz
695,lakhsh-03,Лахш,Lakhsh,Districts of Republican Subordination,C,layflat,картошка,C,Нигоҳдории қубури қатшавандаи риштадор пас аз мавсими картошка дар ноҳияи Лахш,lakhsh-kartoshka-layflat-lf-nigohdori
696,lakhsh-04,Лахш,Lakhsh,Districts of Republican Subordination,C,pipe,бодиринг,C,Қубури полиэтиленӣ ва лентаи қатрагӣ: маҷмааи обёрии бодиринг дар ноҳияи Лахш,lakhsh-bodiring-pe-qubur-pe-majmua
697,lakhsh-05,Лахш,Lakhsh,Districts of Republican Subordination,C,tape,сабзӣ,C,Сарфаи об ҳангоми парвариши сабзӣ бо лентаи қатрагӣ дар ноҳияи Лахш,lakhsh-sabzi-lenta-sarfai-ob
698,lakhsh-06,Лахш,Lakhsh,Districts of Republican Subordination,C,pipe,помидор,C,Дарозии хат ва фишори қубури полиэтиленӣ барои киштзори помидор дар ноҳияи Лахш,lakhsh-pomidor-pe-qubur-pe-fishor
699,lakhsh-07,Лахш,Lakhsh,Districts of Republican Subordination,C,tape,карам,C,Хатогиҳои маъмул ҳангоми насби лентаи қатрагӣ барои карам дар ноҳияи Лахш,lakhsh-karam-lenta-khatogi
700,lakhsh-08,Лахш,Lakhsh,Districts of Republican Subordination,C,layflat,,,"Қубури қатшавандаи риштадор дар ноҳияи Лахш: интихоб, насб ва пурсиш",lakhsh-umumi-layflat-lf-savol
701,nurobod-01,Нуробод,Nurobod,Districts of Republican Subordination,C,tape,картошка,C,Ҳисоби эҳтиёҷ ба лентаи қатрагӣ барои як гектар картошка дар ноҳияи Нуробод,nurobod-kartoshka-lenta-gektar
702,nurobod-02,Нуробод,Nurobod,Districts of Republican Subordination,C,tape,пиёз,C,Хатогиҳои маъмул ҳангоми насби лентаи қатрагӣ барои пиёз дар ноҳияи Нуробод,nurobod-piyoz-lenta-khatogi
703,nurobod-03,Нуробод,Nurobod,Districts of Republican Subordination,C,pipe,помидор,C,Қубури полиэтиленӣ барои обрасонӣ ба киштзори помидор дар ноҳияи Нуробод,nurobod-pomidor-pe-qubur-pe-baroi
704,nurobod-04,Нуробод,Nurobod,Districts of Republican Subordination,C,layflat,,,"Қубури қатшавандаи риштадор дар ноҳияи Нуробод: интихоб, насб ва пурсиш",nurobod-umumi-layflat-lf-savol
705,nurobod-05,Нуробод,Nurobod,Districts of Republican Subordination,C,tape,карам,C,Обёрии қатрагии карам дар ноҳияи Нуробод: чӣ гуна лента интихоб кунем?,nurobod-karam-lenta-obyori-intikhob
706,nurobod-06,Нуробод,Nurobod,Districts of Republican Subordination,C,tape,сабзӣ,C,Нигоҳубини лентаи қатрагӣ дар мавсими сабзӣ дар ноҳияи Нуробод,nurobod-sabzi-lenta-nigohubini
707,nurobod-07,Нуробод,Nurobod,Districts of Republican Subordination,C,pipe,бодиринг,C,Пайвастсозии қубури полиэтиленӣ ба хати обёрии бодиринг дар ноҳияи Нуробод,nurobod-bodiring-pe-qubur-pe-payvast
708,nurobod-08,Нуробод,Nurobod,Districts of Republican Subordination,C,layflat,картошка,C,Қубури қатшавандаи риштадор барои обёрии картошка аз насос дар ноҳияи Нуробод,nurobod-kartoshka-layflat-lf-nasos
709,khorugh-01,Хоруғ,Khorugh,GBAO,C,tape,карам,C,Масофаи байни хатҳои лентаи қатрагӣ барои карам дар шаҳри Хоруғ,khorugh-karam-lenta-masofa
710,khorugh-02,Хоруғ,Khorugh,GBAO,C,layflat,,,"Қубури қатшавандаи риштадор дар шаҳри Хоруғ: интихоб, насб ва пурсиш",khorugh-umumi-layflat-lf-savol
711,khorugh-03,Хоруғ,Khorugh,GBAO,C,layflat,пиёз,C,Диаметр ва дарозии қубури қатшавандаи риштадор барои пиёз дар шаҳри Хоруғ,khorugh-piyoz-layflat-lf-diametr
712,khorugh-04,Хоруғ,Khorugh,GBAO,C,tape,пиёз,C,Фишори об ва филтр барои лентаи қатрагии пиёз дар шаҳри Хоруғ,khorugh-piyoz-lenta-fishor-filtr
713,khorugh-05,Хоруғ,Khorugh,GBAO,C,pipe,,,Қубури полиэтиленӣ барои обёрӣ дар шаҳри Хоруғ: пурсиш ва интихоб,khorugh-umumi-pe-qubur-pe-savol
714,khorugh-06,Хоруғ,Khorugh,GBAO,C,tape,картошка,C,Хатогиҳои маъмул ҳангоми насби лентаи қатрагӣ барои картошка дар шаҳри Хоруғ,khorugh-kartoshka-lenta-khatogi
715,khorugh-07,Хоруғ,Khorugh,GBAO,C,pipe,картошка,C,Қубури полиэтиленӣ барои обёрии картошка: нигоҳдорӣ ва истифода дар шаҳри Хоруғ,khorugh-kartoshka-pe-qubur-pe-istifoda
716,khorugh-08,Хоруғ,Khorugh,GBAO,C,tape,сабзӣ,C,Кадом лентаи қатрагӣ ба обёрии сабзӣ дар шаҳри Хоруғ мувофиқ аст?,khorugh-sabzi-lenta-muvofiq
717,ishkoshim-01,Ишкошим,Ishkoshim,GBAO,C,tape,карам,C,Хатогиҳои маъмул ҳангоми насби лентаи қатрагӣ барои карам дар ноҳияи Ишкошим,ishkoshim-karam-lenta-khatogi
718,ishkoshim-02,Ишкошим,Ishkoshim,GBAO,C,tape,картошка,C,Кадом лентаи қатрагӣ ба обёрии картошка дар ноҳияи Ишкошим мувофиқ аст?,ishkoshim-kartoshka-lenta-muvofiq
719,ishkoshim-03,Ишкошим,Ishkoshim,GBAO,C,pipe,картошка,C,Қубури полиэтиленӣ барои обёрии картошка: нигоҳдорӣ ва истифода дар ноҳияи Ишкошим,ishkoshim-kartoshka-pe-qubur-pe-istifoda
720,ishkoshim-04,Ишкошим,Ishkoshim,GBAO,C,tape,пиёз,C,Нигоҳубини лентаи қатрагӣ дар мавсими пиёз дар ноҳияи Ишкошим,ishkoshim-piyoz-lenta-nigohubini
721,ishkoshim-05,Ишкошим,Ishkoshim,GBAO,C,tape,сабзӣ,C,Сарфаи об ҳангоми парвариши сабзӣ бо лентаи қатрагӣ дар ноҳияи Ишкошим,ishkoshim-sabzi-lenta-sarfai-ob
722,ishkoshim-06,Ишкошим,Ishkoshim,GBAO,C,layflat,пиёз,C,Диаметр ва дарозии қубури қатшавандаи риштадор барои пиёз дар ноҳияи Ишкошим,ishkoshim-piyoz-layflat-lf-diametr
723,ishkoshim-07,Ишкошим,Ishkoshim,GBAO,C,pipe,,,Қубури полиэтиленӣ барои обёрӣ дар ноҳияи Ишкошим: пурсиш ва интихоб,ishkoshim-umumi-pe-qubur-pe-savol
724,ishkoshim-08,Ишкошим,Ishkoshim,GBAO,C,layflat,,,"Қубури қатшавандаи риштадор дар ноҳияи Ишкошим: интихоб, насб ва пурсиш",ishkoshim-umumi-layflat-lf-savol
